title,author,publisher,isbn10,isbn13,language,pubdate,ol_work_key,image_url,source,description,key_isbn,key_ta,cover_i
Homecoming,Ngũgĩ wa Thiong'o,Amazon Kindle,,,English,2023-10-01T00:00:00Z,,,wikidata,,,homecoming | ngugi wa thiong o,
Black Star Nairobi,Mũkoma wa Ngũgĩ,,,,English,2013-01-01T00:00:00Z,,,wikidata,,,black star nairobi | mukoma wa ngugi,
Dreams from My Father,Barack Obama,,,,English,1995-07-18T00:00:00Z,OL3246385W,,wikidata,,,dreams from my father | barack obama,
Spartacus: The Gladiator,Ben Kane,,,,English,2014-01-01T00:00:00Z,,,wikidata,,,spartacus: the gladiator | ben kane,
The Trial of Dedan Kimathi,Micere Githae Mugo,,0-435-90191-5,978-0-435-90191-2,English,1977-01-01T00:00:00Z,,,wikidata,,978-0-435-90191-2,the trial of dedan kimathi | micere githae mugo,
Wasiya ya Mabanati,Ustadh Mau,,,,Swahili,1974-01-01T00:00:00Z,,,wikidata,,,wasiya ya mabanati | ustadh mau,
Speaks,Ngũgĩ wa Thiong'o,"East African Educational Publishers, Kenya",,,English,2006-01-01T00:00:00Z,,,wikidata,,,speaks | ngugi wa thiong o,
Land Without Thunder,Grace Emily Akinyi Ogot,"East African Educational Publishers, Kenya",9966-46-588-X,,English,2001-01-01T00:00:00Z,,,wikidata,,9966-46-588-X,land without thunder | grace emily akinyi ogot,
Nairobi Noir (Akashic Noir),Ngũgĩ wa Thiong'o,Akashic Books,,,English,2020-02-04T00:00:00Z,,,wikidata,,,nairobi noir (akashic noir) | ngugi wa thiong o,
Migritude,Shailja Patel,Kaya Press,,,English,2010-11-30T00:00:00Z,,,wikidata,,,migritude | shailja patel,
Wizard of the Crow,Ngũgĩ wa Thiong'o,,,,Gikuyu,2006-01-01T00:00:00Z,OL15286151W,,wikidata,,,wizard of the crow | ngugi wa thiong o,
Going Down River Road,Meja Mwangi,Houghton Mifflin Harcourt,0-9820126-3-2,,English,2014-06-22T00:00:00Z,,,wikidata,,0-9820126-3-2,going down river road | meja mwangi,
The Dragonfly Sea,Yvonne Adhiambo Owuor,Alfred A. Knopf,,,English,2019-01-01T00:00:00Z,,,wikidata,,,the dragonfly sea | yvonne adhiambo owuor,
Manukato ya wa mbeja,Ahmed Sheikh Nabhany,,,,Swahili,,,,wikidata,,,manukato ya wa mbeja | ahmed sheikh nabhany,
Q132731040,Barack Obama,,,,Indonesian,2008-01-01T00:00:00Z,,,wikidata,,,q132731040 | barack obama,
Detained: A Writer's Prison Diary,Ngũgĩ wa Thiong'o,Heinemann,0-435-90240-7,978-0-435-90240-7,English,1982-01-01T00:00:00Z,,,wikidata,,978-0-435-90240-7,detained: a writer s prison diary | ngugi wa thiong o,
Facing Mount Kenya,Jomo Kenyatta,Harvill Secker,,,English,1938-01-01T00:00:00Z,,,wikidata,,,facing mount kenya | jomo kenyatta,
Decolonising the Mind: The Politics of Language in African Literature,Ngũgĩ wa Thiong'o,James Currey,0-85255-501-6,978-0-85255-501-9,English,1986-06-26T00:00:00Z,,,wikidata,,978-0-85255-501-9,decolonising the mind: the politics of language in african literature | ngugi wa thiong o,
Betrayal in the City,Francis D. Imbuga,"East African Educational Publishers, Kenya",,,English,1976-12-29T00:00:00Z,OL3451029W,,wikidata,,,betrayal in the city | francis d imbuga,
Haki za watoto,Ustadh Mau,,,,Swahili,,,,wikidata,,,haki za watoto | ustadh mau,
The Heart of a Stranger: An Anthology of Exile Literature,Ngũgĩ wa Thiong'o,Amazon Kindle,,,English,2020-01-14T00:00:00Z,,,wikidata,,,the heart of a stranger: an anthology of exile literature | ngugi wa thiong o,
The Cockroach Dance,Meja Mwangi,Houghton Mifflin Harcourt,1-5485-8057-0,,English,2013-08-06T00:00:00Z,,,wikidata,,1-5485-8057-0,the cockroach dance | meja mwangi,
"Preliminary Excavations of a Mesolithic Site at Abinger Common, Surrey",Louis Leakey,,,,,1951-01-01T00:00:00Z,,,wikidata,,,preliminary excavations of a mesolithic site at abinger common surrey | louis leakey,
Petals of Blood,Ngũgĩ wa Thiong'o,Heinemann,,,Gikuyu,1977-01-01T00:00:00Z,,,wikidata,,,petals of blood | ngugi wa thiong o,
The Climate Book,Wanjira Mathai,,,,English,2022-10-27T00:00:00Z,OL27820822W,,wikidata,,,the climate book | wanjira mathai,
Without kiinua mgongo,David Maillu,,,,Sheng,1989-01-01T00:00:00Z,OL1785981W,,wikidata,,,without kiinua mgongo | david maillu,
Burying Caesar,Meja Mwangi,Independently Published book edition,88-565-2671-3,,English,2023-08-09T00:00:00Z,,,wikidata,,88-565-2671-3,burying caesar | meja mwangi,
Writers in Politics,Ngũgĩ wa Thiong'o,Heinemann,0-435-91751-X,978-0-435-91751-7,English,1981-01-01T00:00:00Z,,,wikidata,,978-0-435-91751-7,writers in politics | ngugi wa thiong o,
Uhuru wa Watumwa,James Mbotela,,,,,,,,wikidata,,,uhuru wa watumwa | james mbotela,
The New Harvest: Agricultural Innovation in Africa,Calestous Juma,,,,,2011-01-01T00:00:00Z,,,wikidata,,,the new harvest: agricultural innovation in africa | calestous juma,
Of Thee I Sing,Barack Obama,Alfred A. Knopf,,,English,2010-01-01T00:00:00Z,OL15897399W,,wikidata,,,of thee i sing | barack obama,
Travelling while Black,Nanjala Nyabola,Hurst & Co.,,,English,2020-01-01T00:00:00Z,OL25758708W,,wikidata,,,travelling while black | nanjala nyabola,
Unbowed,Wangari Muta Maathai,,,,English,2006-10-03T00:00:00Z,OL15606734M,,wikidata,,,unbowed | wangari muta maathai,
The Perfect Nine,Ngũgĩ wa Thiong'o,Harvill Secker,,,English,2020-10-08T00:00:00Z,,,wikidata,,,the perfect nine | ngugi wa thiong o,
Links of a Chain,Monica Genya,,,,,,,,wikidata,,,links of a chain | monica genya,
Secure the Base,Ngũgĩ wa Thiong'o,Seagull Books,,,English,2016-01-01T00:00:00Z,OL26221969W,,wikidata,,,secure the base | ngugi wa thiong o,
Secret Lives and Other Stories,Ngũgĩ wa Thiong'o,,,,English,1975-01-01T00:00:00Z,OL10244W,,wikidata,,,secret lives and other stories | ngugi wa thiong o,
Matigari A Novel,Ngũgĩ wa Thiong'o,Africa World Press,,,English,1998-01-01T00:00:00Z,,,wikidata,,,matigari a novel | ngugi wa thiong o,
The River Between,Ngũgĩ wa Thiong'o,"East African Educational Publishers, Kenya",,,English,1965-01-01T00:00:00Z,OL10246W,,wikidata,,,the river between | ngugi wa thiong o,
Ngugi Wa Thiong'o's drama and the kamiriithu popular theater experiment by Gichingiri Ndingiriri,Ngũgĩ wa Thiong'o,Africa World Press,,,English,2007-01-01T00:00:00Z,,,wikidata,,,ngugi wa thiong o s drama and the kamiriithu popular theater experiment by gichingiri ndingiriri | ngugi wa thiong o,
Kwani,Binyavanga Wainaina,,9966-9836-6-X,978-9966-9836-6-4,English,2007-01-01T00:00:00Z,,,wikidata,,978-9966-9836-6-4,kwani | binyavanga wainaina,
The scar : a tragedy in one act,Rebeka Njau,,,,English,,,,wikidata,,,the scar : a tragedy in one act | rebeka njau,
Son of Woman,Charles Mangua,,,,,1971-01-01T00:00:00Z,,,wikidata,,,son of woman | charles mangua,
Game of silence,Francis D. Imbuga,Heinemann,,,English,1977-01-01T00:00:00Z,,,wikidata,,,game of silence | francis d imbuga,
Siku Njema,Ken Waliaula,,,,Swahili,1996-01-01T00:00:00Z,OL19393891W,,wikidata,,,siku njema | ken waliaula,
Maps of Englishness,Simon Gikandi,Columbia University Press,0-231-07611-8,978-0-231-07611-1,English,1996-04-15T00:00:00Z,,,wikidata,,978-0-231-07611-1,maps of englishness | simon gikandi,
Red Strangers,Elspeth Huxley,Chatto & Windus,,,English,1939-01-01T00:00:00Z,OL56150W,,wikidata,,,red strangers | elspeth huxley,
The Colombia Guide to East African Literature in English Since 1945,Simon Gikandi,Columbia University,,,English,2007-01-01T00:00:00Z,,,wikidata,,,the colombia guide to east african literature in english since 1945 | simon gikandi,
The Perfect Nine: The Epic Gikuyu and Mumbi,Ngũgĩ wa Thiong'o,,,,Gikuyu,2020-01-01T00:00:00Z,,,wikidata,,,the perfect nine: the epic gikuyu and mumbi | ngugi wa thiong o,
The Mzungu Boy,Meja Mwangi,,,,,2006-01-01T00:00:00Z,,,wikidata,,,the mzungu boy | meja mwangi,
The Trial of Dedan Kimathi,Ngũgĩ wa Thiong'o,,0-435-90191-5,978-0-435-90191-2,English,1977-01-01T00:00:00Z,,,wikidata,,978-0-435-90191-2,the trial of dedan kimathi | ngugi wa thiong o,
Matigari ma Njiruungi,Ngũgĩ wa Thiong'o,,,,Gikuyu,1986-01-01T00:00:00Z,,,wikidata,,,matigari ma njiruungi | ngugi wa thiong o,
The Black Hermit,Ngũgĩ wa Thiong'o,,,,English,1963-01-01T00:00:00Z,,,wikidata,,,the black hermit | ngugi wa thiong o,
Devil on the Cross,Ngũgĩ wa Thiong'o,,,,Gikuyu,1980-01-01T00:00:00Z,,,wikidata,,,devil on the cross | ngugi wa thiong o,
A Promised Land,Barack Obama,,,,English,2020-11-17T00:00:00Z,OL22235242W,,wikidata,,,a promised land | barack obama,
Ngaahika Ndeenda,Ngũgĩ wa Thiong'o,,,,Gikuyu,,,,wikidata,,,ngaahika ndeenda | ngugi wa thiong o,
Olympic Dream,Henry Rono,,,,,2007-01-01T00:00:00Z,,,wikidata,,,olympic dream | henry rono,
How to Write About Africa,Binyavanga Wainaina,,,,English,2023-01-01T00:00:00Z,OL27408746W,,wikidata,,,how to write about africa | binyavanga wainaina,
The Green Cross of Kafira,Francis D. Imbuga,,,,English,2013-12-29T00:00:00Z,OL17457385W,,wikidata,,,the green cross of kafira | francis d imbuga,
Minutes of Glory: And Other Stories,Ngũgĩ wa Thiong'o,Amazon Kindle,,,English,2019-03-05T00:00:00Z,,,wikidata,,,minutes of glory: and other stories | ngugi wa thiong o,
Barrel of a pen,Ngũgĩ wa Thiong'o,New Beacon Books,,,English,1983-01-01T00:00:00Z,OL2638775W,,wikidata,,,barrel of a pen | ngugi wa thiong o,
Decolonising the Mind,Ngũgĩ wa Thiong'o,,,,English,1986-01-01T00:00:00Z,,,wikidata,,,decolonising the mind | ngugi wa thiong o,
Origins,Richard Leakey,,,,English,1977-01-01T00:00:00Z,OL2921842W,,wikidata,,,origins | richard leakey,
How to be kenyan,Wahome Mutahi,"East African Educational Publishers, Kenya",,,English,2001-01-01T00:00:00Z,,,wikidata,,,how to be kenyan | wahome mutahi,
Carcase for Hounds,Meja Mwangi,,,,English,1974-01-01T00:00:00Z,,,wikidata,,,carcase for hounds | meja mwangi,
"Kiswahili, past, present and future horizons",Rocha Chimera,,,978-9966-846-35-8,,1998-01-01T00:00:00Z,,,wikidata,,978-9966-846-35-8,kiswahili past present and future horizons | rocha chimera,
Coming to birth,Marjorie Oludhe Macgoye,Heinemann,,978-0-435-90670-7,English,1986-01-01T00:00:00Z,,,wikidata,,978-0-435-90670-7,coming to birth | marjorie oludhe macgoye,
"Weep Not, Child",Ngũgĩ wa Thiong'o,Heinemann,,,English,1964-01-01T00:00:00Z,OL10245W,,wikidata,,,weep not child | ngugi wa thiong o,
To Stir the Heart,Ngũgĩ wa Thiong'o,The Feminist Press,,,English,2007-06-01T00:00:00Z,OL2527684W,,wikidata,,,to stir the heart | ngugi wa thiong o,
A Grain of Wheat,Ngũgĩ wa Thiong'o,Heinemann,,,English,1967-01-01T00:00:00Z,,,wikidata,,,a grain of wheat | ngugi wa thiong o,
The Promised Land,Grace Emily Akinyi Ogot,"East African Educational Publishers, Kenya",,,English,2000-01-01T00:00:00Z,OL5350878W,,wikidata,,,the promised land | grace emily akinyi ogot,
My Mother's Poem and Other Songs,Micere Githae Mugo,"East African Educational Publishers, Kenya",9966-46-499-9,978-9966-46-499-6,English,1998-01-01T00:00:00Z,,,wikidata,,978-9966-46-499-6,my mother s poem and other songs | micere githae mugo,
THE DEAD CAME CALLING,Ndũcũ wa Ngũgĩ,"East African Educational Publishers, Kenya",,,English,2018-01-01T00:00:00Z,,,wikidata,,,the dead came calling | nducu wa ngugi,
The Audacity of Hope,Barack Obama,Crown Publishing Group,,,English,2006-10-01T00:00:00Z,OL15834647W,,wikidata,,,the audacity of hope | barack obama,
The Strange Bride,Grace Emily Akinyi Ogot,"East African Educational Publishers, Kenya",,,English,,OL5350875W,,wikidata,,,the strange bride | grace emily akinyi ogot,
The Big Chiefs,Meja Mwangi,Amazon Publishing,,,English,2017-06-24T00:00:00Z,OL41694514W,,wikidata,,,the big chiefs | meja mwangi,
Olduvai Gorge; a report on the evolution of the hand-axe culture in beds I-IV,Louis Leakey,,,,English,1951-01-01T00:00:00Z,OL2056206W,,wikidata,,,olduvai gorge; a report on the evolution of the hand axe culture in beds i iv | louis leakey,
Slavery and the Culture of Taste,Simon Gikandi,Princeton University,,,English,2014-04-01T00:00:00Z,,,wikidata,,,slavery and the culture of taste | simon gikandi,
Mtawa Mweusi,Ngũgĩ wa Thiong'o,"East African Educational Publishers, Kenya",,,,1970-01-01T00:00:00Z,,,wikidata,,,mtawa mweusi | ngugi wa thiong o,
Q24937593,Ben Kane,,,,,2012-01-01T00:00:00Z,,,wikidata,,,q24937593 | ben kane,
Q24937606,Ben Kane,,,,,2013-01-01T00:00:00Z,,,wikidata,,,q24937606 | ben kane,
El brujo del cuervo,Ngũgĩ wa Thiong'o,Amazon Kindle,,,Spanish,2015-10-12T00:00:00Z,,,wikidata,,,el brujo del cuervo | ngugi wa thiong o,
Writing in Limbo,Simon Gikandi,Cornell University Press,,,English,1992-03-01T00:00:00Z,,,wikidata,,,writing in limbo | simon gikandi,
Q24937567,Ben Kane,,,,,2014-01-01T00:00:00Z,,,wikidata,,,q24937567 | ben kane,
Q130290748,Wangari Muta Maathai,,,,English,,,,wikidata,,,q130290748 | wangari muta maathai,
Wrestling with the Devil: A Prison Memoir,Ngũgĩ wa Thiong'o,Amazon Kindle,,,English,2018-03-06T00:00:00Z,,,wikidata,,,wrestling with the devil: a prison memoir | ngugi wa thiong o,
Globalectics: Theory and the Politics of Knowing (The Wellek Library Lectures),Ngũgĩ wa Thiong'o,Columbia University Press,0-231-15951-X,978-0-231-15951-7,English,2014-05-20T00:00:00Z,,,wikidata,,978-0-231-15951-7,globalectics: theory and the politics of knowing (the wellek library lectures) | ngugi wa thiong o,
Nairobi Heat,Mũkoma wa Ngũgĩ,,,,English,,,,wikidata,,,nairobi heat | mukoma wa ngugi,
WEAPON OF HUNGER,Meja Mwangi,Amazon Kindle,,,English,2013-08-04T00:00:00Z,,,wikidata,,,weapon of hunger | meja mwangi,
Sulwe,Lupita Nyong'o,Simon & Schuster,,,,2019-10-15T00:00:00Z,,,wikidata,,,sulwe | lupita nyong o,
Things they Lost,Okwiri Oduor,,,,English,2022-01-01T00:00:00Z,OL25480392W,,wikidata,,,things they lost | okwiri oduor,
Dua ya Maarusi,Ahmad Nassir Juma Bhalo Sayyani,,,,Swahili,,,,wikidata,,,dua ya maarusi | ahmad nassir juma bhalo sayyani,
The Trial of Christopher Okigbo,Ali Mazrui,,,,English,,,,wikidata,,,the trial of christopher okigbo | ali mazrui,
Mau Mau From Within: The Story of the Kenya Land and Freedom Army,Ngũgĩ wa Thiong'o,Daraja Press,1-988832-59-4,978-1-988832-59-3,English,2021-01-16T00:00:00Z,,,wikidata,,978-1-988832-59-3,mau mau from within: the story of the kenya land and freedom army | ngugi wa thiong o,
Ngugi wa Thiong'o's drama and the kamiriithu popular theater experiment,Ngũgĩ wa Thiong'o,Africa World Press,,,English,2007-01-01T00:00:00Z,,,wikidata,,,ngugi wa thiong o s drama and the kamiriithu popular theater experiment | ngugi wa thiong o,
Foundational African Writers,Simon Gikandi,Wits University Press,,,,2022-01-01T00:00:00Z,,,wikidata,,,foundational african writers | simon gikandi,
Christmas Without Tusker,Meja Mwangi,,,,English,2017-07-05T00:00:00Z,OL40716351W,,wikidata,,,christmas without tusker | meja mwangi,
In the Name of the Mother: Reflections on Writers and Empire,Ngũgĩ wa Thiong'o,James Currey,,,English,2013-09-19T00:00:00Z,,,wikidata,,,in the name of the mother: reflections on writers and empire | ngugi wa thiong o,
This Time Tomorrow,Ngũgĩ wa Thiong'o,Kenya Literature Bureau,,,,1970-01-01T00:00:00Z,,,wikidata,,,this time tomorrow | ngugi wa thiong o,
The Upright Revolution: Or Why Humans Walk Upright,Ngũgĩ wa Thiong'o,Seagull Books,,,Gikuyu,2016-01-01T00:00:00Z,OL23553509W,,wikidata,,,the upright revolution: or why humans walk upright | ngugi wa thiong o,
Kill Me Quick,Meja Mwangi,,,,,1973-01-01T00:00:00Z,,,wikidata,,,kill me quick | meja mwangi,
Sauti ya dhiki,Abdilatif Abdalla,,,,,1973.0,,,ol_author,,,sauti ya dhiki | abdilatif abdalla,
Liyongo songs,Gudrun Miehe,,,,,2004.0,,https://covers.openlibrary.org/b/id/5492340-L.jpg,ol_author,,,liyongo songs | gudrun miehe,5492340.0
Mashairi ya miaka kumi ya Azimio la Arusha,Abdilatif Abdalla,,,,,1977.0,,,ol_author,,,mashairi ya miaka kumi ya azimio la arusha | abdilatif abdalla,
"A statement given by Abdilatif Abdalla, chief co-ordinator of the United Movement for Democracy in Kenya, to the 7th Pan-African Congress, Kampala, Uganda on 3-8 April, 1994",Abdilatif Abdalla,,,,,1994.0,,,ol_author,,,a statement given by abdilatif abdalla chief co ordinator of the united movement for democracy in kenya to the 7th pan african congress kampala uganda on 3 8 april 1994 | abdilatif abdalla,
Imaginative Vision of Abdilatif Abdalla's Voice of Agony,Abdilatif Abdalla,,,,,2024.0,,,ol_author,,,imaginative vision of abdilatif abdalla s voice of agony | abdilatif abdalla,
Kale ya washairi wa Pemba,Ali bin Said bin Rashid Jahadhmiy,,,,,2011.0,,,ol_author,"A collection of poems by two poets,  Kamange and Sarahani, who lived between the last half of the 19th and early 20th century in Pemba Island.",,kale ya washairi wa pemba | ali bin said bin rashid jahadhmiy,
Sambo ya Kiwandeo,Ahmed Sheikh Nabhany,,,,,1979.0,,,ol_author,,,sambo ya kiwandeo | ahmed sheikh nabhany,
Umbuji wa kiwandeo,Ahmed Sheikh Nabhany,,,,,1985.0,,,ol_author,,,umbuji wa kiwandeo | ahmed sheikh nabhany,
Umbuji wa mnazi,Ahmed Sheikh Nabhany,,,,,1985.0,,,ol_author,,,umbuji wa mnazi | ahmed sheikh nabhany,
How Art Can Be Thought,Allan deSouza,,,,,2018.0,,https://covers.openlibrary.org/b/id/9225223-L.jpg,ol_author,,,how art can be thought | allan desouza,9225223.0
Ark of Martyrs,Allan Desouza,,,,,2020.0,,,ol_author,,,ark of martyrs | allan desouza,
"Allan deSouza, a decade of photoworks, 1998-2008",Allan DeSouza,,,,,2008.0,,,ol_author,Catalog of an artist's exhibition; chiefly photographic reproductions of his works.,,allan desouza a decade of photoworks 1998 2008 | allan desouza,
"Allan deSouza, Yong Soon Min",Allan DeSouza,,,,,1997.0,,,ol_author,,,allan desouza yong soon min | allan desouza,
AlterNatives,Allan DeSouza,,,,,1997.0,,,ol_author,,,alternatives | allan desouza,
Crossing black waters,Allan DeSouza,,,,,1992.0,,,ol_author,,,crossing black waters | allan desouza,
Looking both ways,Laurie Ann Farrell,,,,,2003.0,,https://covers.openlibrary.org/b/id/5400206-L.jpg,ol_author,,,looking both ways | laurie ann farrell,5400206.0
Jua na Upepo,Anne Matindi,,,,,1968.0,,,ol_author,,,jua na upepo | anne matindi,
The lonely black pig,Anne Matindi,,,,,1968.0,,,ol_author,,,the lonely black pig | anne matindi,
The sun-men and other plays,Anne Matindi,,,,,1971.0,,,ol_author,,,the sun men and other plays | anne matindi,
The sun and the wind,Anne Matindi,,,,,1967.0,,,ol_author,,,the sun and the wind | anne matindi,
Tax & development,Attiya Waris,,,,,2013.0,,,ol_author,,,tax & development | attiya waris,
Financing Africa,Attiya Waris,,,,,2019.0,,,ol_author,,,financing africa | attiya waris,
Taxation and state building in Kenya,Attiya Waris,,,,,2009.0,,,ol_author,,,taxation and state building in kenya | attiya waris,
"Tax Justice and the Political Economy of Global Capitalism, 1945 to the Present",Jeremy Leaman,,,,,2013.0,,,ol_author,,,tax justice and the political economy of global capitalism 1945 to the present | jeremy leaman,
Das Leben kommt immer dazwischen,Auma Obama,,,,,2010.0,,https://covers.openlibrary.org/b/id/12770998-L.jpg,ol_author,,,das leben kommt immer dazwischen | auma obama,12770998.0
And Then Life Happens,Auma Obama,,,,,2012.0,,https://covers.openlibrary.org/b/id/9042993-L.jpg,ol_author,,,and then life happens | auma obama,9042993.0
Leidenschaft,Auma Obama,,,,,2022.0,,,ol_author,,,leidenschaft | auma obama,
Day after tomorrow,Bahadur Tejani,,,,,1971.0,,,ol_author,,,day after tomorrow | bahadur tejani,
The rape of literature,Bahadur Tejani,,,,,1969.0,,,ol_author,,,the rape of literature | bahadur tejani,
Okello's Shakespeare,Bahadur Tejani,,,,,2006.0,,,ol_author,,,okello s shakespeare | bahadur tejani,
Laughing in the face of terrorism,Bahadur Tejani,,,,,2009.0,,https://covers.openlibrary.org/b/id/14310892-L.jpg,ol_author,,,laughing in the face of terrorism | bahadur tejani,14310892.0
Alnoor meets George Washington,Bahadur Tejani,,,,,,,,ol_author,,,alnoor meets george washington | bahadur tejani,
Obamawala,Bahadur Tejani,,,,,2010.0,,,ol_author,,,obamawala | bahadur tejani,
Spartacus,Ben Kane,,,,,2012.0,,https://covers.openlibrary.org/b/id/10204952-L.jpg,ol_author,"The mighty slave army, led by Spartacus, has carried all before it, scattering the legions of Rome. Three praetors, two consuls and one proconsul have been defeated. Spartacus seems invincible as he marches towards the Alps and freedom. But storm clouds are massing on the horizon. Crixus the Gaul defects, taking all his men with him.",,spartacus | ben kane,10204952.0
The forgotten legion,Ben Kane,,,,,2008.0,,https://covers.openlibrary.org/b/id/10312957-L.jpg,ol_author,"""Tarquinius is an Etruscan, a warrior and soothsayer, born enemy of Rome, but doomed to fight for the Republic in the Forgotten Legion."" ""Brennus is a Gaul; the Romans killed his entire family. He rises to become one of the most famous and feared gladiators of his day - and mentor to the boy slave, Romulus, who dreams night and day of escape and revenge."" ""Romulus and Fabiola are twins, born into slavery after their mother is raped by a drunken nobleman. At thirteen years old they are sold: Romulus to gladiator school, Fabiola into prostitution, where she will catch the eye of one of the most powerful men in Rome.""

""The lives of these four characters are bound and interwoven in this marvellous story, which begins in a Rome riven by corruption, violence and political enmities, but ends far away, at the very border of the known world, where Romulus, Brennus and Tarquinius find themselves fighting against the Parthians and impossible odds.""--Jacket.",,the forgotten legion | ben kane,10312957.0
Enemy of Rome,Ben Kane,,,,,2011.0,,https://covers.openlibrary.org/b/id/8231916-L.jpg,ol_author,"In the First Punic War, the Roman legions defeated and humiliated Carthage, their only serious rival for power in the Mediterranean. Now a brilliant young Carthaginian general, called Hannibal, is out for revenge. Caught up in the maelstrom are two young boys, Hanno, the son of a distinguished soldier and confidant of Hannibal, and Quintus, son of a Roman equestrian and landowner. A disastrous adventure will see Hanno sold into slavery and bought by Quintus' father. Although an unexpected friendship springs up between the two boys - and with Quintus' sister, Aurelia - the fortunes of the two warring empires once again separates them. They find themselves on opposite sides of the conflict and an alliance forged through slavery will be played out to its stunning conclusion in battle.",,enemy of rome | ben kane,8231916.0
Hannibal,Ben Kane,,,,,2011.0,,https://covers.openlibrary.org/b/id/9015457-L.jpg,ol_author,,,hannibal | ben kane,9015457.0
The Silver Eagle A Novel Of The Forgotten Legion,Ben Kane,,,,,2011.0,,https://covers.openlibrary.org/b/id/7806253-L.jpg,ol_author,,,the silver eagle a novel of the forgotten legion | ben kane,7806253.0
Eagles at war,Ben Kane,,,,,2015.0,,https://covers.openlibrary.org/b/id/10195404-L.jpg,ol_author,"In the summer of 9 CE, Publius Varus, the Roman governor of Germania, and Lucius Tullus, a centurion garrisoned on the Rhine, march east with three legions. As they prepare to return to their winter quarters, they are lured off the road and ambushed by German warriors. The Germans are led by Arminius, a chieftain who is a trusted ally of Rome - and a man who has been secretly planning to betray the empire since childhood. Trapping Varus' legionaries between a hillside and a marsh, and thereby preventing them from forming up or using their artillery, Arminius and his warriors wreak a terrible slaughter. The Roman defeat is overwhelming, but it is not until the third day of the massacre that the scale of Arminius' victory becomes clear. Three legions, upwards of fourteen thousand men have been annihilated, and three treasured Eagle standards have been lost. Just a few hundred legionaries, including Tullus, manage to escape. Nor is the survivors' ordeal over. Pursued to the last Roman fort east of the Rhine, they are besieged by thousands of bloodthirsty tribesmen. Only the gods can save them now ...",,eagles at war | ben kane,10195404.0
Eagles in the storm,Ben Kane,,,,,2017.0,,https://covers.openlibrary.org/b/id/10159176-L.jpg,ol_author,"AD 15. The German chieftain Arminius has been defeated, one of the lost Roman eagles recovered, and thousands of German tribesmen slain. Yet these successes aren't nearly enough for senior centurion Lucius Tullus. Not until Arminius is dead, his old legion's eagle found and the enemy tribes completely vanquished will he rest. But Arminius - devious, fearless - is burning for revenge of his own. Charismatic as ever, he raises another large tribal army, which will harry the Romans the length and breadth of the land. Soon Tullus finds himself in a cauldron of bloodshed, treachery and danger. His mission to retrieve his legion's eagle will be his most perilous yet ...",,eagles in the storm | ben kane,10159176.0
Stormcrow,Ben Kane,,,,,2024.0,,https://covers.openlibrary.org/b/id/14744283-L.jpg,ol_author,,,stormcrow | ben kane,14744283.0
Clash of Empires,Ben Kane,,,,,2019.0,,https://covers.openlibrary.org/b/id/8801744-L.jpg,ol_author,,,clash of empires | ben kane,8801744.0
Hunting the eagles,Ben Kane,,,,,2016.0,,https://covers.openlibrary.org/b/id/10133998-L.jpg,ol_author,"Five long years have passed since the annihilation of three Roman legions in the wilds of Germania. Varus, the general who led the ill-fated army, is long dead and the bones of his 15,000 legionaries moulder in the forests. But not all the Romans were slain in the ambush. Centurion Tullus, a seasoned veteran, survived and now he lives for revenge upon the tribal chieftain Arminius, who masterminded the ambush. Tullus will stop at nothing to kill his bitterest enemy, or to recover his legion's lost Eagle.",,hunting the eagles | ben kane,10133998.0
Clouds of War,Ben Kane,,,,,2014.0,,https://covers.openlibrary.org/b/id/10711067-L.jpg,ol_author,"213 BC. Syracuse. Under the merciless Sicilian sun, a city is at war.

Outside the walls, a vast Roman army waits. Yet the cityâ€™s incredible defences, designed by Archimedes, mean that Syracuse will not be taken easily.

A veteran of the bitter war since its beginning, Quintus is ready to give his life in the service of the Republic. But dangers face him from within his own ranks as well as from the enemy â€“ who include his former friend, the Carthaginian, Hanno.

Hanno has been sent by his general Hannibal to aid Syracuse in its fight against Rome. Pledged to bring death to all Romans, he is diverted from his mission by the discovery of Quintusâ€™ sister Aurelia, a captive within the city.

Two friends on opposing sides. A woman caught between them. They are about to meet in one of the most brutal sieges of all time.

Who will survive?",,clouds of war | ben kane,10711067.0
The Silver Eagle,Ben Kane,,,,,2010.0,,https://covers.openlibrary.org/b/id/6298149-L.jpg,ol_author,,,the silver eagle | ben kane,6298149.0
A Day of Fire,E Knight,,,,,2014.0,,https://covers.openlibrary.org/b/id/10721363-L.jpg,ol_author,,,a day of fire | e knight,10721363.0
One day I will write about this place,Binyavanga Wainaina,,,,,2011.0,,https://covers.openlibrary.org/b/id/9826987-L.jpg,ol_author,"In this memoir, Wainaina takes us through his school days, his mother's religious period, his failed attempt to study commerce in South Africa, a moving family reunion in Uganda, and his travels around Kenya.",,one day i will write about this place | binyavanga wainaina,9826987.0
Discovering home,Binyavanga Wainaina,,,,,2003.0,,https://covers.openlibrary.org/b/id/743098-L.jpg,ol_author,,,discovering home | binyavanga wainaina,743098.0
Beyond the River Yei,Binyavanga Wainaina,,,,,2004.0,,,ol_author,,,beyond the river yei | binyavanga wainaina,
Kwani?,Binyavanga Wainaina,,,,,2003.0,,https://covers.openlibrary.org/b/id/1056090-L.jpg,ol_author,,,kwani? | binyavanga wainaina,1056090.0
Kwani? 02,Binyavanga Wainaina,,,,,2007.0,,https://covers.openlibrary.org/b/id/2727454-L.jpg,ol_author,,,kwani? 02 | binyavanga wainaina,2727454.0
Kwani? 1 (Kwani?),Binyavanga Wainaina,,,,,2005.0,,,ol_author,,,kwani? 1 (kwani?) | binyavanga wainaina,
Andreas Herzau,Andreas Herzau,,,,,2018.0,,,ol_author,"WÃ¤hrend des BÃ¼rgerkriegs in den 1990er-Jahren galt Liberia als ein Synonym fÃ¼r den Vorhof zur HÃ¶lle. Die Berichte Ã¼ber die Greueltaten der War Lords und ihrer Milizen gingen um die Welt. Andreas Herzau hat den BÃ¼rgerkrieg und die FlÃ¼chtlingsbewegungen damals vor Ort als Reporter erlebt und dokumentiert. Als in den Jahren 2005/06 ein erstaunlicher Aufarbeitungs- und Demokratisierungsprozess in Liberia einsetzte, besuchte er das Land erneut, stellte bald aber fest, dass diese Geschehnisse in der westlichen Welt auf weit weniger Interesse stieÃŸen als die 'Sensationen des Negativen'.0Ihm wurde deutlich, wie sehr das europÃ¤ische Bild von Afrika durch den Fokus auf Kriege und Krisen geprÃ¤gt ist. Sobald sich die Situation in einem der LÃ¤nder zum Guten wendet, berichtet niemand mehr darÃ¼ber. Bestand haben einzig die Bilder und Nachrichten von Greueltaten, Chaos, Hunger und Opfern. Herzau bemerkte, dass diese 'dÃ©formation professionelle' auch seinen Blick bestimmte. Er beschloss daraufhin, ein Experiment zu wagen und das Land 2019 unter anderen Vorzeichen zu betrachten. Das Ziel war, in Erfahrung zu bringen, ob es ihm gelinge, Liberia mit einem Interesse am Positiven zu bereisen und eine optische Sprache dafÃ¼r zu finden. Das vorliegenden Buch stellt im Wortsinn einen Versuch dar, sich der zementierenden Wirkung einseitiger Opferberichterstattung entgegenzustellen und dem Stereotyp des europÃ¤ischen Afrikabildes zu entkommen. Inspiration dafÃ¼r war auch der Essay 'How to write about Africa' des kenianischen Autors Binyavanga Wainaina, der dem Band in Deutsch und Englisch vorangestellt ist.",,andreas herzau | andreas herzau,
Nguva Na Nyoka,Binyavanga Wainaina,,,,,2014.0,,,ol_author,,,nguva na nyoka | binyavanga wainaina,
Algún día escribiré sobre África,Binyavanga Wainaina,,,,,2013.0,,https://covers.openlibrary.org/b/id/12333052-L.jpg,ol_author,,,algun dia escribire sobre africa | binyavanga wainaina,12333052.0
We the women-- for peace,Aseghedech Ghirmazion,,,,,2003.0,,,ol_author,,,we the women for peace | aseghedech ghirmazion,
Confessions of an AIDS victim,Carolyne Adalla,,,,,1993.0,,https://covers.openlibrary.org/b/id/8052538-L.jpg,ol_author,,,confessions of an aids victim | carolyne adalla,8052538.0
The position of Kiswahili in Kenya,Chacha Nyaigotti-Chacha,,,,,1981.0,,,ol_author,,,the position of kiswahili in kenya | chacha nyaigotti chacha,
Mke mwenza,Chacha Nyaigotti Chacha,,,,,1982.0,,,ol_author,,,mke mwenza | chacha nyaigotti chacha,
Ushairi wa Abdilatif Abdalla,Chacha Nyaigotti Chacha,,,,,1992.0,,,ol_author,A literary critique of the poetry of Abdilatif Abdalla.,,ushairi wa abdilatif abdalla | chacha nyaigotti chacha,
Wingi jeusi,Chacha Nyaigotti Chacha,,,,,1987.0,,,ol_author,,,wingi jeusi | chacha nyaigotti chacha,
Hukumu,Chacha Nyaigotti Chacha,,,,,1992.0,,,ol_author,,,hukumu | chacha nyaigotti chacha,
Traditional medicine in Africa,Isaac Sindiga,,,,,1995.0,,https://covers.openlibrary.org/b/id/2304802-L.jpg,ol_author,,,traditional medicine in africa | isaac sindiga,2304802.0
The golden feather,Charity Waciuma,,,,,1966.0,,,ol_author,,,the golden feather | charity waciuma,
Daughter of Mumbi,Charity Waciuma,,,,,1969.0,,,ol_author,,,daughter of mumbi | charity waciuma,
Merry-making,Charity Waciuma,,,,,1972.0,,,ol_author,,,merry making | charity waciuma,
"Mweru, the ostrich girl",Charity Waciuma,,,,,1966.0,,,ol_author,,,mweru the ostrich girl | charity waciuma,
Who's calling?,Charity Waciuma,,,,,1972.0,,,ol_author,,,who s calling? | charity waciuma,
Kenyatta's jiggers,Charles Mangua,,,,,2000.0,,,ol_author,,,kenyatta s jiggers | charles mangua,
A tail in the mouth,Charles Mangua,,,,,1972.0,,https://covers.openlibrary.org/b/id/14892769-L.jpg,ol_author,,,a tail in the mouth | charles mangua,14892769.0
Kanina and I,Charles Mangua,,,,,1994.0,,,ol_author,,,kanina and i | charles mangua,
Son of woman in Mombasa,Charles Mangua,,,,,1986.0,,,ol_author,,,son of woman in mombasa | charles mangua,
tail in the mouth.,Charles Mangua,,,,,1972.0,,,ol_author,,,tail in the mouth | charles mangua,
Gambling With Destiny,Daniel Kamau,,,,,2003.0,,https://covers.openlibrary.org/b/id/2763153-L.jpg,ol_author,,,gambling with destiny | daniel kamau,2763153.0
Equatorial Assignment,David Maillu,,,,,,,,ol_author,,,equatorial assignment | david maillu,
Inheritance,David Mulwa,,,,,2004.0,,https://covers.openlibrary.org/b/id/4265808-L.jpg,ol_author,,,inheritance | david mulwa,4265808.0
Redemption,David Mulwa,,,,,1990.0,,,ol_author,,,redemption | david mulwa,
Master and Servant,David Mulwa,,,,,1987.0,,https://covers.openlibrary.org/b/id/4684470-L.jpg,ol_author,,,master and servant | david mulwa,4684470.0
We come in peace,David Mulwa,,,,,2011.0,,,ol_author,,,we come in peace | david mulwa,
"Flee, mama flee",David Mulwa,,,,,2014.0,,,ol_author,,,flee mama flee | david mulwa,
Daraja,David Mulwa,,,,,1986.0,,,ol_author,,,daraja | david mulwa,
Mkimbizi,David Mulwa,,,,,1988.0,,,ol_author,,,mkimbizi | david mulwa,
Clean hands,David Mulwa,,,,,2000.0,,,ol_author,,,clean hands | david mulwa,
Glasshouses,David Mulwa,,,,,2000.0,,,ol_author,,,glasshouses | david mulwa,
"Katende says ""No""",David Mulwa,,,,,2007.0,,,ol_author,,,katende says no | david mulwa,
The flame trees of Thika,Elspeth Huxley,,,,,1959.0,,https://covers.openlibrary.org/b/id/93107-L.jpg,ol_author,,,the flame trees of thika | elspeth huxley,93107.0
On the edge of the rift,Elspeth Huxley,,,,,1962.0,,https://covers.openlibrary.org/b/id/6547221-L.jpg,ol_author,"In this sequel to ""The Flame of Thika"", Elspeth Huxley takes up her story after the family returns to Kenya after the First World War. Her family and friends, their home and their travels, the glorious wildlife and scenery, described in rich and loving detail, all spring to life in this enchanting book. 'She knows East Africa and she loves it...with a critical and understanding sympathy' - ""The Times"". 'What a marvellous writer...and what a Kenya it was' - ""Financial Times"".",,on the edge of the rift | elspeth huxley,6547221.0
Murder on Safari,Elspeth Huxley,,,,,1938.0,,https://covers.openlibrary.org/b/id/4972592-L.jpg,ol_author,"Lucy, Lady Baradale, was a hated woman.  She used her millions to control and bully her husband and stepdaughter, she was flagrantly unfaithful with her handsome chauffeur, and she carried a fortune in jewelry around on safari with her in a portable safe.  When a choice selection of baubles goes missing, she dispatches guide/white hunter Billy de Mare to bring back Superintendent Vachell of the Chania CID.  Ineptly disguised as de Mare's new assistant, Vachell barely has time to interview Lady Barradale before a ruthless and skillful murderer renders the robbery case more than a little moot.",,murder on safari | elspeth huxley,4972592.0
The African poison murders,Elspeth Huxley,,,,,1939.0,,https://covers.openlibrary.org/b/id/7128341-L.jpg,ol_author,"This mystery is set in East Africa (country not specified) just prior to World War II.  It was written in the late 1930's and published in 1939. Author Huxley was brought up in this area and brings vivid and authentic description and characters to the story. Huxley is most widely known for her memoir *The Flame Trees of Thika*. The story is the third and last in a short series featuring CID Inspector Vachell.  The story highlights the unrest prior to WWII, felt by both the German and English settlers in this part of colonial Africa. Inspector Vachell is brought in to investigate Nazi activities and several unsettling and gruesome local acts. Things are brought to a head when a local farmer dies. Is it murder or an unfortunate accident?",,the african poison murders | elspeth huxley,7128341.0
White man's country,Elspeth Huxley,,,,,1935.0,,,ol_author,,,white man s country | elspeth huxley,
Out in the Midday Sun,Elspeth Huxley,,,,,1985.0,,https://covers.openlibrary.org/b/id/7296844-L.jpg,ol_author,"Huxley has recorded her memories of the years after *The Flame Trees of Thika* and *The Mottled Lizard*. Readers learn about her return to Kenya after eight years, the people and places she found, and about her visit in 1983. 8-page photo insert.",,out in the midday sun | elspeth huxley,7296844.0
Murder at Government House,Elspeth Huxley,,,,,1937.0,,https://covers.openlibrary.org/b/id/6542129-L.jpg,ol_author,"When the British Colonial Governor of Chania is strangled to death in his study, the possible suspects include a wronged husband, a fiery-tempered local politician, and the members of an African secret society working against white rule. It is a tangled web forSuperintendent Vachell of the Chania CID to unravel, but fortunately he has the help of a brash young female anthropologist and a canny, snuff-taking witch doctor.",,murder at government house | elspeth huxley,6542129.0
Four Guineas,Elspeth Huxley,,,,,1954.0,,,ol_author,,,four guineas | elspeth huxley,
Scott of the Antarctic,Elspeth Huxley,,,,,1920.0,,https://covers.openlibrary.org/b/id/4090018-L.jpg,ol_author,Biography of Scott based on diaries and letters of his colleagues as well as his own writings.,,scott of the antarctic | elspeth huxley,4090018.0
Florence Nightingale,Elspeth Huxley,,,,,1975.0,,https://covers.openlibrary.org/b/id/8401181-L.jpg,ol_author,"Begun in the reign of George IV and ended in that of Edward VII, her life more than spanned the whole Victorian era. ""Do you think you are improving?"" had asked the Aga Khan. She would not have hesitated for an instant in her reply. Life for the majority had improved, was improving and would continue to improve. Grieved greatly by his imperfections, she still believed in the ultimate perfectibility of man. Few of the great Victorians brought about by their personal efforts more of the material improvements of the era than Florence Nightingale. Probably in her own mind the betterment of the soldiers' lot, in sickness and in health, that she had helped to bring about would have rated highest. Next to that would have come her efforts to better the health of the peasants of India. Today she is remembered first and foremost as the founder of the nursing profession in its modern form. Her 38 ragtag-and-bobtail women, who coped with the shambles at Scutari, and the 15 young ladies introduced into St. Thomas' in 1860, were the start of one of the greatest of all services to mankind. This was her achievement, and almost hers alone. - p. 246.",,florence nightingale | elspeth huxley,8401181.0
Love among the daughters,Elspeth Huxley,,,,,1968.0,,https://covers.openlibrary.org/b/id/6943153-L.jpg,ol_author,,,love among the daughters | elspeth huxley,6943153.0
Their shining Eldorado,Elspeth Huxley,,,,,1967.0,,https://covers.openlibrary.org/b/id/6727063-L.jpg,ol_author,"P.249-51; Condition of natives (Katherine), equal pay in N.T.; p.264-8; Voting rights, education, assimilation; p.269-84; Snake Bay settlement (Tiwi), Welfare policies; Brief notes on Oenpelli rock art, dancing, didgeridoo playing, legends p.296; Namatjira; p.297-8; Ayers Rock - a religious shrine of Pitjandjaras, conception beliefs, ritual objects, circumcision; p.301-2; Pinturbi; p.3024; Settlements, missions, Welfare, education.",,their shining eldorado | elspeth huxley,6727063.0
Race and politics in Kenya,Elspeth Huxley,,,,,1944.0,,https://covers.openlibrary.org/b/id/4482165-L.jpg,ol_author,,,race and politics in kenya | elspeth huxley,4482165.0
The sorcerer's apprentice,Elspeth Huxley,,,,,1948.0,,,ol_author,,,the sorcerer s apprentice | elspeth huxley,
A man from nowhere,Elspeth Huxley,,,,,1964.0,,https://covers.openlibrary.org/b/id/6943148-L.jpg,ol_author,,,a man from nowhere | elspeth huxley,6943148.0
Gallipot Eyes,Elspeth Huxley,,,,,1976.0,,https://covers.openlibrary.org/b/id/11043836-L.jpg,ol_author,,,gallipot eyes | elspeth huxley,11043836.0
Livingstone and his African journeys,Elspeth Huxley,,,,,1974.0,,https://covers.openlibrary.org/b/id/6774878-L.jpg,ol_author,,,livingstone and his african journeys | elspeth huxley,6774878.0
The walled city,Elspeth Huxley,,,,,1948.0,,https://covers.openlibrary.org/b/id/9692161-L.jpg,ol_author,,,the walled city | elspeth huxley,9692161.0
Nine Faces of Kenya,Elspeth Huxley,,,,,1990.0,,https://covers.openlibrary.org/b/id/12451903-L.jpg,ol_author,,,nine faces of kenya | elspeth huxley,12451903.0
Writing for Kenya,Henry Muoria,,,,,2009.0,,https://covers.openlibrary.org/b/id/8735966-L.jpg,ol_author,,,writing for kenya | henry muoria,8735966.0
"I, the Gikuyu, and the white fury",Henry Muoria,,,,,1994.0,,,ol_author,,,i the gikuyu and the white fury | henry muoria,
A dictionary of the Nandi language,Jane Tapsubei Creider,,,,,2001.0,,https://covers.openlibrary.org/b/id/9921065-L.jpg,ol_author,,,a dictionary of the nandi language | jane tapsubei creider,9921065.0
The shrunken dream,Jane Tapsubei Creider,,,,,1992.0,,https://covers.openlibrary.org/b/id/9289508-L.jpg,ol_author,,,the shrunken dream | jane tapsubei creider,9289508.0
Two lives,Jane Tapsubei Creider,,,,,1986.0,,https://covers.openlibrary.org/b/id/4107359-L.jpg,ol_author,,,two lives | jane tapsubei creider,4107359.0
Juices,Jared Angira,,,,,1970.0,,,ol_author,,,juices | jared angira,
The years go by,Jared Angira,,,,,1980.0,,,ol_author,,,the years go by | jared angira,
Soft corals,Jared Angira,,,,,1973.0,,,ol_author,,,soft corals | jared angira,
Silent voices; poems,Jared Angira,,,,,1972.0,,,ol_author,,,silent voices; poems | jared angira,
Cascades,Jared Angira,,,,,1979.0,,https://covers.openlibrary.org/b/id/4408656-L.jpg,ol_author,,,cascades | jared angira,4408656.0
Lament of the silent & other poems,Jared Angira,,,,,2004.0,,https://covers.openlibrary.org/b/id/4253530-L.jpg,ol_author,,,lament of the silent & other poems | jared angira,4253530.0
Tides of time,Jared Angira,,,,,1996.0,,,ol_author,,,tides of time | jared angira,
Mau Mau kizuizini ..,Josiah Mwangi Kariuki,,,,,1963.0,,https://covers.openlibrary.org/b/id/8345589-L.jpg,ol_author,,,mau mau kizuizini | josiah mwangi kariuki,8345589.0
JM Kariuki in Parliament,Josiah Mwangi Kariuki,,,,,1975.0,,https://covers.openlibrary.org/b/id/6881726-L.jpg,ol_author,,,jm kariuki in parliament | josiah mwangi kariuki,6881726.0
mau mau detainee ,josiah mwangi kariuki,,,,,1963.0,,,ol_author,,,mau mau detainee | josiah mwangi kariuki,
Child of happy valley,Juanita Carberry,,,,,1999.0,,,ol_author,,,child of happy valley | juanita carberry,
Letzte Tage in Kenia. Meine Kindheit in Afrika.,Juanita Carberry,,,,,2001.0,,https://covers.openlibrary.org/b/id/3233628-L.jpg,ol_author,,,letzte tage in kenia meine kindheit in afrika | juanita carberry,3233628.0
Invisible,Kevin Mwachiro,,,,,2014.0,,,ol_author,,,invisible | kevin mwachiro,
Boldly queer,Theo Sandfort,,,,,2015.0,,,ol_author,,,boldly queer | theo sandfort,
The House of Rust,Khadija Abdalla Bajaber,,,,,2021.0,,https://covers.openlibrary.org/b/id/11134437-L.jpg,ol_author,,,the house of rust | khadija abdalla bajaber,11134437.0
Of pawns and players,Kinyanjui Kombani,,,,,2018.0,,,ol_author,,,of pawns and players | kinyanjui kombani,
The last villains of Molo,Kinyanjui Kombani,,,,,2012.0,,,ol_author,,,the last villains of molo | kinyanjui kombani,
We can be friends,Kinyanjui Kombani,,,,,2007.0,,,ol_author,,,we can be friends | kinyanjui kombani,
Kifo kisimani,Kithaka wa Mberia,,,,,2001.0,,https://covers.openlibrary.org/b/id/15093178-L.jpg,ol_author,A play.,,kifo kisimani | kithaka wa mberia,15093178.0
Bara jingine,Kithaka wa Mberia.,,,,,2001.0,,https://covers.openlibrary.org/b/id/12736380-L.jpg,ol_author,Poems.,,bara jingine | kithaka wa mberia,12736380.0
Flowers in the morning sun,Kithaka wa Mberia,,,,,2011.0,,,ol_author,,,flowers in the morning sun | kithaka wa mberia,
Mchezo wa karata,Kithaka wa Mberia.,,,,,1997.0,,,ol_author,Poems.,,mchezo wa karata | kithaka wa mberia,
Death at the well,Kithaka wa Mberia,,,,,2011.0,,,ol_author,,,death at the well | kithaka wa mberia,
Msimu wa tisa,Kithaka wa Mberia.,,,,,2007.0,,,ol_author,Poems.,,msimu wa tisa | kithaka wa mberia,
Natala,Kithaka wa Mberia.,,,,,1997.0,,,ol_author,A play.,,natala | kithaka wa mberia,
Maua kwenye jua la asubuhi,Kithaka wa Mberia.,,,,,2004.0,,,ol_author,A play.,,maua kwenye jua la asubuhi | kithaka wa mberia,
A game of cards,Kithaka wa Mberia,,,,,2011.0,,,ol_author,,,a game of cards | kithaka wa mberia,
Another continent,Kithaka wa Mberia,,,,,2011.0,,,ol_author,,,another continent | kithaka wa mberia,
Redio na mwezi,Kithaka wa Mberia.,,,,,2005.0,,,ol_author,Poems.,,redio na mwezi | kithaka wa mberia,
I refuse to die,Koigi wa Wamwere.,,,,,2002.0,,https://covers.openlibrary.org/b/id/846798-L.jpg,ol_author,"""I Refuse to Die is both the story of one gifted man who rose above the horrors of colonization, and an uncensored account of Kenya's blood-stained past. With determination born of suffering, Koigi wa Wamwere documents the brutality of the colonial years. He describes the physical and emotional abuse visited on his parents and others by the plundering British.

Tracing the roots of the Mau Mau rebellion and the strict curfews and violence of the colonial government, wa Wamwere follows the evolution and degeneration of Jomo Kenyatta and the rise of Daniel arap Moi. During those years, wa Wamwere began to speak out and fight for human rights. In 1979 he won a seat in the parliament, where he represented the economically depressed Nakuru district for three years. His history is infused with freedom songs of his people and revealing allegories born out of the Kenyan storytelling tradition.

As an activist, a journalist, and a member of the Kenyan parliament, wa Wamwere was framed and detained on three separate instances, spending thirteen years in prison, where he was tortured but not broken. His mother and other mothers led a hunger strike to free him and fellow political prisoners. Their efforts brought about a show trial where wa Wamwere was sentenced to four more years in prison and six strokes of the cane. Under such a sentence, others had died from abuse to body and spirit. But, buoyed by a growing chorus of international support, wa Wamwere refused his fate.

And lived not only to tell, but to fight on.""--BOOK JACKET.",,i refuse to die | koigi wa wamwere,846798.0
A woman reborn,Koigi wa Wamwere.,,,,,1980.0,,,ol_author,,,a woman reborn | koigi wa wamwere,
"The people's representative and the tyrants, or, Kenya, independence without freedom",Koigi wa Wamwere.,,,,,1992.0,,,ol_author,,,the people s representative and the tyrants or kenya independence without freedom | koigi wa wamwere,
Towards genocide in Kenya,Koigi wa Wamwere.,,,,,2008.0,,,ol_author,,,towards genocide in kenya | koigi wa wamwere,
Conscience on Trial: Why I Was Detained,Koigi Wa Wamwere,,,,,1988.0,,https://covers.openlibrary.org/b/id/13283236-L.jpg,ol_author,,,conscience on trial: why i was detained | koigi wa wamwere,13283236.0
Negative Ethnicity,Koigi Wa Wamwere,,,,,2011.0,,,ol_author,,,negative ethnicity | koigi wa wamwere,
Justice on trial,Koigi wa Wamwere.,,,,,1997.0,,,ol_author,,,justice on trial | koigi wa wamwere,
Etnisitetsbomben,Koigi wa Wamwere.,,,,,2001.0,,,ol_author,,,etnisitetsbomben | koigi wa wamwere,
Kenya,Koigi wa Wamwere,,,,,1989.0,,,ol_author,,,kenya | koigi wa wamwere,
Dream of freedom,Koigi wa Wamwere.,,,,,1997.0,,,ol_author,,,dream of freedom | koigi wa wamwere,
Hjertets taÌŠrer,Koigi wa Wamwere.,,,,,2000.0,,,ol_author,,,hjertets taisrer | koigi wa wamwere,
The Pretoria conspiracy,Lily Mabura,,,,,2000.0,,https://covers.openlibrary.org/b/id/2304861-L.jpg,ol_author,,,the pretoria conspiracy | lily mabura,2304861.0
"Ali, the little suntan",Lily Mabura,,,,,1999.0,,,ol_author,,,ali the little suntan | lily mabura,
Saleh Kanta and the cavaliers,Lily Mabura,,,,,2005.0,,,ol_author,,,saleh kanta and the cavaliers | lily mabura,
Remembrance,Lily Mabura,,,,,2018.0,,,ol_author,,,remembrance | lily mabura,
How Shall We Kill The Bishop And Other Stories,Lily Mabura,,,,,2012.0,,https://covers.openlibrary.org/b/id/7656327-L.jpg,ol_author,,,how shall we kill the bishop and other stories | lily mabura,7656327.0
Favour the Game Changer,Lucy Natasha,,,,,2019.0,,,ol_author,,,favour the game changer | lucy natasha,
Every Problem Has an Expiry Date!,Lucy Natasha,,,,,2019.0,,,ol_author,,,every problem has an expiry date! | lucy natasha,
Before You Say I Do,Lucy Natasha,,,,,2018.0,,,ol_author,,,before you say i do | lucy natasha,
Gods Leading Lady,Rev. Lucy Natasha,,,,,2018.0,,https://covers.openlibrary.org/b/id/9178734-L.jpg,ol_author,,,gods leading lady | rev lucy natasha,9178734.0
Touching Heaven Through Prayer,Rev Lucy Natasha,,,,,2018.0,,,ol_author,,,touching heaven through prayer | rev lucy natasha,
A girl cannot go on laughing all the time,Magaga Alot,,,,,1975.0,,,ol_author,,,a girl cannot go on laughing all the time | magaga alot,
People and communication in Kenya,Magaga Alot,,,,,1982.0,,,ol_author,,,people and communication in kenya | magaga alot,
Heat of the moment,Magaga Alot,,,,,1978.0,,,ol_author,,,heat of the moment | magaga alot,
Daughter of state,Magaga Alot,,,,,1999.0,,,ol_author,,,daughter of state | magaga alot,
East African integration,Magaga Alot,,,,,2010.0,,,ol_author,,,east african integration | magaga alot,
Caine Prize for African Writing 2018,Olufunke Ogundimu,,,,,2018.0,,,ol_author,"This collection brings together the five 2018 shortlisted stories, along with stories written at the Caine Prize Writers' Workshop, taking place April 2018.",,caine prize for african writing 2018 | olufunke ogundimu,
The Yearâ€™s Best African Speculative Fiction 2021,Oghenechovwe Donald Ekpeki,,,,,2021.0,,https://covers.openlibrary.org/b/id/14845594-L.jpg,ol_author,"The Year's Best African Speculative Fiction (2021), edited by the award-winning Oghenechovwe Donald Ekpeki, is not just a book; it's a gateway to the diverse and rich world of African speculative fiction. This anthology, a winner of the Best Anthology at the World Fantasy Awards, is a groundbreaking collection that brings together twenty-nine extraordinary stories by twenty-five talented writers from Africa and its diaspora. These stories represent some of the most exciting voices in the genre, both old and new, offering readers a journey through imaginative landscapes filled with wonder, insight, and a deep understanding of the human and beyond-human experience. 

The anthology is a celebration of African speculative fiction, marking a significant moment in the genre. It is the first of its kind, highlighting the breadth and depth of talent that exists within the African speculative fiction community. The collection includes tales from a range of authors, including Somto O. Ihezue, Pemi Aguda, Russell Nichols, Tamara Jerée, Tlotlo Tsamaase, and many others, each contributing their unique voice and vision. The stories navigate themes of identity, culture, and the complexities of the human spirit in ways that are both universal and deeply rooted in African experiences. 

Oghenechovwe Donald Ekpeki, the editor, is not only a skilled anthologist but also a celebrated author in his own right. His work has received multiple accolades, including the Nommoaward and recognition as aNebula and Hugo award finalist. In editing this anthology, Ekpeki has opened a door to a realm of stories that challenge, entertain, and provoke thought, offering a vital platform for voices that are often underrepresented in the global speculative fiction landscape. 

This anthology is more than just a collection of stories; it is a testament to the power of speculative fiction to transcend boundaries and explore new horizons. It is highly recommended for anyone looking to delve into a world where the speculative meets the vibrantly diverse tapestry of African storytelling. Whether you're a long-time fan of speculative fiction or new to the genre, The Year's Best African Speculative Fiction (2021) is bound to leave you wonderstruck and eager for more.",,the yearaEUR(tm)s best african speculative fiction 2021 | oghenechovwe donald ekpeki,14845594.0
The Yearâ€™s Best African Speculative Fiction 2023,Oghenechovwe Donald Ekpeki,,,,,2024.0,,https://covers.openlibrary.org/b/id/14845593-L.jpg,ol_author,"This is the third volume in this highly praised series (the first won the World Fantasy Award). Previous works have been praised for their eclectic mix of stories, offering a panorama of themes and styles. For instance, the 2021 edition included a story about a woman struggling with her identity and relationship in the face of a thought-recording device, a tale of a man fostering a rapidly evolving robot, and an adventurous narrative about a sentient robot dog engaging in space piracy. These stories not only explored advanced technologies and speculative scenarios but also delved deep into human emotions, relationships, and societal issues.

Themes of personal struggles, such as dealing with depression, anxiety, and feelings of alienation, were also prominent. These were manifested through unique and powerful metaphors, like a woman whose detachable body parts symbolized her sense of disintegration and invisibility, or a story that portrayed the torment of self-contempt through the constant barrage of negative thoughts from imaginary entities.

The anthology also ventured into mythic dimensions, echoing the voices and histories of entire cultures through concise yet profound storytelling. For example, flash fiction pieces in the collection reached the heights of epic poetry, encapsulating the journey of human life and cultural evolution.

With such a backdrop, the 2023 volume continues this tradition of blending speculative elements with profound human experiences and cultural narratives. It's likely to feature stories that push the boundaries of imagination while staying grounded in the complexities of the human condition. Readers can anticipate a collection that entertains, provokes thought, and offers new perspectives on the future and the present. The anthology is not just a showcase of speculative fiction; it's a celebration of African storytelling, creativity, and the endless possibilities within the realm of speculative fiction.",,the yearaEUR(tm)s best african speculative fiction 2023 | oghenechovwe donald ekpeki,14845593.0
The present moment,Marjorie Oludhe Macgoye,,,,,1987.0,,https://covers.openlibrary.org/b/id/4528703-L.jpg,ol_author,"""This contemporary African classic tells the story of seven unforgettable Kenyan women as it traces more than sixty years of turbulent national history. Like their country, this group of old women is divided by ethnicity, language, class, and religion.

But around the charcoal fire at the Refuge, the old-age home they share in Nairobi, they uncover the hidden personal histories that connect them as women: stories of their struggles for self-determination; of conflict, violence, and loss, but also of survival. As a visitor to the Refuge says, ""To be eighty years old in Africa is to be tough, particularly for a woman."" And these seven women, with no families to care for them, must be tougher still.""--BOOK JACKET.",,the present moment | marjorie oludhe macgoye,4528703.0
Homing in,Marjorie Oludhe Macgoye,,,,,1994.0,,https://covers.openlibrary.org/b/id/2304801-L.jpg,ol_author,,,homing in | marjorie oludhe macgoye,2304801.0
Chira,Marjorie Oludhe Macgoye,,,,,1997.0,,https://covers.openlibrary.org/b/id/3725905-L.jpg,ol_author,,,chira | marjorie oludhe macgoye,3725905.0
The composition of poetry,Marjorie Oludhe Macgoye,,,,,2009.0,,,ol_author,,,the composition of poetry | marjorie oludhe macgoye,
Creative writing in prose,Marjorie Oludhe Macgoye,,,,,2009.0,,,ol_author,,,creative writing in prose | marjorie oludhe macgoye,
Growing up at Lina School,Marjorie Oludhe Macgoye,,,,,1971.0,,,ol_author,,,growing up at lina school | marjorie oludhe macgoye,
Victoria and Murder in Majengo,Marjorie Oludhe Macgoye,,,,,1993.0,,,ol_author,,,victoria and murder in majengo | marjorie oludhe macgoye,
Rebmann,Marjorie Oludhe Macgoye,,,,,2014.0,,,ol_author,,,rebmann | marjorie oludhe macgoye,
The story of Kenya,Marjorie Oludhe MacGoye,,,,,1986.0,,https://covers.openlibrary.org/b/id/14401720-L.jpg,ol_author,,,the story of kenya | marjorie oludhe macgoye,14401720.0
Murder in Majengo,Marjorie Oludhe Macgoye,,,,,1972.0,,,ol_author,,,murder in majengo | marjorie oludhe macgoye,
Song of Nyarloka and other poems,Marjorie Oludhe Macgoye,,,,,1977.0,,,ol_author,,,song of nyarloka and other poems | marjorie oludhe macgoye,
"The Black Hand Gang (Junior Readers Series, 40)",Marjorie Oludhe Macgoye,,,,,2003.0,,https://covers.openlibrary.org/b/id/3363257-L.jpg,ol_author,,,the black hand gang (junior readers series 40) | marjorie oludhe macgoye,3363257.0
A farm called Kishinev,Marjorie Oludhe Macgoye,,,,,2005.0,,,ol_author,,,a farm called kishinev | marjorie oludhe macgoye,
Make it sing & other poems,Marjorie Oludhe Macgoye,,,,,1998.0,,,ol_author,,,make it sing & other poems | marjorie oludhe macgoye,
The silent twins,Marjorie Wallace,,,,,1987.0,,https://covers.openlibrary.org/b/id/6981224-L.jpg,ol_author,"When identical twins, June and Jennifer Gibbons were three they began to reject communication with anyone but each other, and so began a childhood bound together in a strange and secret world. As they grew up, love, hate and genius united to push them to the extreme margins of society and, following a five week spree of vandalism and arson, the silent twins were sentenced to a gruelling twelve-year detention in Broadmoor.

Award-winning investigative journalist Marjorie Wallace delves into the twins' silent world, revealing their genius, alienation and the mystic bond by which the extremes of good and evil ended in possession and death.",,the silent twins | marjorie wallace,6981224.0
Campaign and be damned,Marjorie Wallace,,,,,,,,ol_author,,,campaign and be damned | marjorie wallace,
On giant's shoulders,Marjorie Wallace,,,,,1976.0,,,ol_author,,,on giant s shoulders | marjorie wallace,
Schizophrenia 1992,Marjorie Wallace,,,,,1992.0,,,ol_author,,,schizophrenia 1992 | marjorie wallace,
Whose mind is it anyway?,Marjorie Wallace,,,,,1988.0,,,ol_author,,,whose mind is it anyway? | marjorie wallace,
Work,Donald Ray Pollock,,,,,2010.0,,https://covers.openlibrary.org/b/id/7795237-L.jpg,ol_author,,,work | donald ray pollock,7795237.0
The NGO Factor in Africa,Maurice Amutabi,,,,,2006.0,,https://covers.openlibrary.org/b/id/1224084-L.jpg,ol_author,,,the ngo factor in africa | maurice amutabi,1224084.0
Regime Change and Succession Politics in Africa,Maurice N. Amutabi,,,,,2013.0,,,ol_author,,,regime change and succession politics in africa | maurice n amutabi,
Palgrave Handbook of Contemporary Kenya,Wanjala S. Nasong'o,,,,,2024.0,,,ol_author,,,palgrave handbook of contemporary kenya | wanjala s nasong o,
Palgrave Handbook of Kenyan History,Wanjala S. Nasong'o,,,,,2024.0,,,ol_author,,,palgrave handbook of kenyan history | wanjala s nasong o,
Foundations of adult education in Africa,Fredrick Nafukho,,,,,2005.0,,https://covers.openlibrary.org/b/id/5224747-L.jpg,ol_author,"This publication provides a historical perspective on the current educational context. It discusses the impact of the colonial past and the changing practices of the present, highlighting as it does the key concepts, information and principles in the African context.  The book touches on such issues as the history of adult education in Africa, philosophy and adult education, socio-cultural, political and economic environments, opportunities and access for adult learners, gender and development in adult education, and adult education as a developing profession.  It further considers the impact of information and communication technology and globalization on the policies and structures of lifelong learning.--Publisher's description.",,foundations of adult education in africa | fredrick nafukho,5224747.0
Africa after Fifty Years,Toyin Falola,,,,,2013.0,,,ol_author,"""By the end of the 1960s most African countries gained political independence. The new corps of leadership envisioned not only a politically stable continent; they also imagined a more cohesive Africa, with bubbly economies driven by the continent's enormous natural and human resources. Approximately fifty years after independence this hope of a politically stable, integrated, and economically thriving Africa has remained elusive for most African countries. African economies remained undiversified with limited capacities for industrialization and economic development. African economies remained tied to western European counties and the United States of America.""--Publisher's website.",,africa after fifty years | toyin falola,
Palgrave Handbook of Kenya and Its History,Shadrack Wanjala Nasong'o,,,,,2023.0,,,ol_author,,,palgrave handbook of kenya and its history | shadrack wanjala nasong o,
Palgrave Handbook of Contemporary Kenya,Shadrack Wanjala Nasong'o,,,,,2023.0,,,ol_author,,,palgrave handbook of contemporary kenya | shadrack wanjala nasong o,
The bushtrackers,Meja Mwangi,,,,,1979.0,,https://covers.openlibrary.org/b/id/8473801-L.jpg,ol_author,,,the bushtrackers | meja mwangi,8473801.0
"The Last Plague (Vitabu Vya Nyota Series, 2)",Meja Mwangi,,,,,2000.0,,,ol_author,,,the last plague (vitabu vya nyota series 2) | meja mwangi,
Cockroach Dance,Meja Mwangi,,,,,1990.0,,https://covers.openlibrary.org/b/id/4683907-L.jpg,ol_author,,,cockroach dance | meja mwangi,4683907.0
Baba Pesa,Meja Mwangi,,,,,2007.0,,,ol_author,,,baba pesa | meja mwangi,
The last plague,Meja Mwangi,,,,,2000.0,,https://covers.openlibrary.org/b/id/2304752-L.jpg,ol_author,,,the last plague | meja mwangi,2304752.0
The return of Shaka,Meja Mwangi,,,,,1989.0,,,ol_author,,,the return of shaka | meja mwangi,
Boy Gift,Meja Mwangi,,,,,2002.0,,https://covers.openlibrary.org/b/id/2998868-L.jpg,ol_author,,,boy gift | meja mwangi,2998868.0
Striving for the wind,Meja Mwangi,,,,,1990.0,,,ol_author,,,striving for the wind | meja mwangi,
Mama Dudu,Meja Mwangi,,,,,2013.0,,,ol_author,,,mama dudu | meja mwangi,
Crossroads,Meja Mwangi,,,,,2013.0,,,ol_author,,,crossroads | meja mwangi,
The boy in between,Miriam Khamadi Were,,,,,1969.0,,,ol_author,,,the boy in between | miriam khamadi were,
The high school gent,Miriam Khamadi Were,,,,,1972.0,,,ol_author,,,the high school gent | miriam khamadi were,
The eighth wife,Miriam Khamadi Were,,,,,1972.0,,,ol_author,,,the eighth wife | miriam khamadi were,
Your heart is my altar,Miriam Khamadi Were,,,,,1980.0,,,ol_author,,,your heart is my altar | miriam khamadi were,
Your heart is my heart,Miriam Khamadi Were,,,,,1980.0,,,ol_author,,,your heart is my heart | miriam khamadi were,
A nurse with a song,Miriam Khamadi Were,,,,,1978.0,,,ol_author,,,a nurse with a song | miriam khamadi were,
Organization and management of community-based health care,Miriam Khamadi Were,,,,,1985.0,,,ol_author,,,organization and management of community based health care | miriam khamadi were,
Research notes,Miriam Khamadi Were,,,,,1985.0,,,ol_author,,,research notes | miriam khamadi were,
The wrong kind of girl,Monica Genya,,,,,2004.0,,https://covers.openlibrary.org/b/id/4253598-L.jpg,ol_author,,,the wrong kind of girl | monica genya,4253598.0
The other side of love,Monica Genya,,,,,2004.0,,https://covers.openlibrary.org/b/id/4265642-L.jpg,ol_author,,,the other side of love | monica genya,4265642.0
Shifting sands,Moraa Gitaa,,,,,2012.0,,,ol_author,,,shifting sands | moraa gitaa,
The shark attack,Moraa Gitaa,,,,,2014.0,,,ol_author,,,the shark attack | moraa gitaa,
Take Nothing with You,Skeeter Wilson,,,,,2020.0,,,ol_author,,,take nothing with you | skeeter wilson,
Fighting Without Ceasing,Muthoni Likimani,,,,,2005.0,,,ol_author,,,fighting without ceasing | muthoni likimani,
They Shall Be Chastised,Muthoni Likimani,,,,,1991.0,,,ol_author,,,they shall be chastised | muthoni likimani,
What does a man want?,Muthoni Likimani,,,,,1974.0,,,ol_author,,,what does a man want? | muthoni likimani,
Passbook number F.47927,Muthoni Likimani,,,,,1985.0,,https://covers.openlibrary.org/b/id/5370602-L.jpg,ol_author,,,passbook number f 47927 | muthoni likimani,5370602.0
Crafty Chameleon,Mwenye Hadithi.,,,,,1987.0,,https://covers.openlibrary.org/b/id/5001467-L.jpg,ol_author,A chameleon bedeviled by a leopard and a crocodile uses his wits to get them to leave him alone.,,crafty chameleon | mwenye hadithi,5001467.0
Greedy zebra,Mwenye Hadithi.,,,,,1984.0,,https://covers.openlibrary.org/b/id/4235260-L.jpg,ol_author,"Relates how the animals of the world, once all a dull color, acquired their furs and spots and stripes and horns, and how Zebra's greedy appetite caused him to get his particular coloring.",,greedy zebra | mwenye hadithi,4235260.0
Hot Hippo,Mwenye Hadithi.,,,,,1986.0,,https://covers.openlibrary.org/b/id/188925-L.jpg,ol_author,Relates why the hippopotamus lives in water.,,hot hippo | mwenye hadithi,188925.0
Lazy lion,Mwenye Hadithi.,,,,,1990.0,,https://covers.openlibrary.org/b/id/6612454-L.jpg,ol_author,A lazy and demanding lion orders the animals of his kingdom to build him a house before the Big Rain comes.,,lazy lion | mwenye hadithi,6612454.0
Baby baboon,Mwenye Hadithi.,,,,,1993.0,,https://covers.openlibrary.org/b/id/9996606-L.jpg,ol_author,"When lazy Leopard cannot catch Hare for his dinner, he goes after Baby Baboon instead.",,baby baboon | mwenye hadithi,9996606.0
Hungry Hyena,Mwenye Hadithi.,,,,,1994.0,,https://covers.openlibrary.org/b/id/7403292-L.jpg,ol_author,,,hungry hyena | mwenye hadithi,7403292.0
Tricky Tortoise,Mwenye Hadithi.,,,,,1988.0,,https://covers.openlibrary.org/b/id/7386293-L.jpg,ol_author,"Tortoise outsmarts Elephant by proving he can jump right over the elephant's ""tiny and stupid"" head.",,tricky tortoise | mwenye hadithi,7386293.0
Laughing Giraffe,Mwenye Hadithi,,,,,2008.0,,https://covers.openlibrary.org/b/id/9872153-L.jpg,ol_author,A giraffe learns that being loudest does not necessarily get the message across best.,,laughing giraffe | mwenye hadithi,9872153.0
Lazy Lion (Picture Knight),Mwenye Hadithi.,,,,,1990.0,,https://covers.openlibrary.org/b/id/201789-L.jpg,ol_author,,,lazy lion (picture knight) | mwenye hadithi,201789.0
Cong ming de bian se long,Mwenye Hadithi,,,,,2011.0,,https://covers.openlibrary.org/b/id/12980757-L.jpg,ol_author,,,cong ming de bian se long | mwenye hadithi,12980757.0
Handsome Hog (African Animal Tales),Mwenye Hadithi,,,,,2010.0,,https://covers.openlibrary.org/b/id/8406951-L.jpg,ol_author,,,handsome hog (african animal tales) | mwenye hadithi,8406951.0
African Animal Tales,Mwenye Hadithi,,,,,2017.0,,,ol_author,,,african animal tales | mwenye hadithi,
Gardening in East Africa,Mwenye Hadithi,,,,,1995.0,,,ol_author,,,gardening in east africa | mwenye hadithi,
Baby Baboon (Picture Knight),Mwenye Hadithi.,,,,,1994.0,,https://covers.openlibrary.org/b/id/201873-L.jpg,ol_author,,,baby baboon (picture knight) | mwenye hadithi,201873.0
Crafty Chameleon (Picture Knight),Mwenye Hadithi.,,,,,1988.0,,https://covers.openlibrary.org/b/id/1183492-L.jpg,ol_author,,,crafty chameleon (picture knight) | mwenye hadithi,1183492.0
Greedy Zebra (Picture Knight),Mwenye Hadithi.,,,,,1984.0,,https://covers.openlibrary.org/b/id/201511-L.jpg,ol_author,,,greedy zebra (picture knight) | mwenye hadithi,201511.0
Hot Hippo (Picture Knight),Mwenye Hadithi.,,,,,1986.0,,https://covers.openlibrary.org/b/id/201520-L.jpg,ol_author,,,hot hippo (picture knight) | mwenye hadithi,201520.0
Hungry Hyena (Picture Knight),Mwenye Hadithi.,,,,,1994.0,,https://covers.openlibrary.org/b/id/1183717-L.jpg,ol_author,,,hungry hyena (picture knight) | mwenye hadithi,1183717.0
Strange and Difficult Times,Nanjala Nyabola,,,,,2022.0,,,ol_author,,,strange and difficult times | nanjala nyabola,
Digital Identities and Border Cultures,Nanjala Nyabola,,,,,2023.0,,,ol_author,,,digital identities and border cultures | nanjala nyabola,
"Digital Democracy, Analogue Politics",Nanjala Nyabola,,,,,2018.0,,,ol_author,"Kenya is the most digitally advanced country in sub-Saharan Africa, where Twitter, Facebook, WhatsApp, and other online platforms are part of everyday life. And, as in Western nations, the digital age has had dramatic effects on society and politics. Yet, while we hear about the #MeToo movement and the Russian bot scandal, there is little appreciation for the feminist movement #MyDressMyChoice and the subversion of state-run political propaganda by social media. Digital Democracy, Analogue Politics aims to change this by presenting a unique contribution to the debate on digital democracy. For traditionally marginalized groups, particularly women and the disabled, digital spaces have provided vital platforms that allow Kenyans to build new communities that transcend old ethnic and gender divisions. Covering attempts by political elites to prevent social movements from translating online visibility into meaningful offline gains, Digital Democracy, Analogue Politics explores the drastic efforts to contain online activism and new methods of feminist mobilization, as well as how ""fake news,"" Cambridge Analytica, and allegations of hacking contributed to tensions around the 2017 elections. Reframing digital democracy for the first time from the African perspective, Nanjala Nyabola's groundbreaking work opens up new ways of understanding our current global online era.",,digital democracy analogue politics | nanjala nyabola,
City Murders,Nducu wa Ngugi,,,,,2014.0,,,ol_author,,,city murders | nducu wa ngugi,
Blue mothertongue,Ngwatilo Mawiyoo,,,,,2010.0,,,ol_author,,,blue mothertongue | ngwatilo mawiyoo,
African Short Stories,Chinua Achebe,,,,,1985.0,,https://covers.openlibrary.org/b/id/14597051-L.jpg,ol_author,,,african short stories | chinua achebe,14597051.0
To Africa with a dream,Olga Marlin,,,,,2002.0,,,ol_author,,,to africa with a dream | olga marlin,
Con un sueño en África,Olga Marlin ,,,,,2006.0,,https://covers.openlibrary.org/b/id/13733065-L.jpg,ol_author,,,con un sueno en africa | olga marlin,13733065.0
Wealth not income,Olubayi Olubayi,,,,,2005.0,,,ol_author,,,wealth not income | olubayi olubayi,
Education for a Better World,Olubayi Olubayi,,,,,2011.0,,,ol_author,,,education for a better world | olubayi olubayi,
Kaburi bila msalaba,P. M. Kareithi,,,,,1969.0,,,ol_author,,,kaburi bila msalaba | p m kareithi,
The broken pot,P. M. Kareithi,,,,,1976.0,,,ol_author,The book is about a young boy whose mother has just died. The story is about the struggles of the young family as they adjust to a new life without wife and mother.,,the broken pot | p m kareithi,
Devil's own,P. M. Kareithi,,,,,1977.0,,,ol_author,,,devil s own | p m kareithi,
Guide to politics in Mbiri,P. M. Kareithi,,,,,1979.0,,,ol_author,,,guide to politics in mbiri | p m kareithi,
The maize plant,P. M. Kareithi,,,,,1969.0,,,ol_author,,,the maize plant | p m kareithi,
Kenya's Uncertain Democracy,Peter Kagwanja,,,,,2010.0,,,ol_author,,,kenya s uncertain democracy | peter kagwanja,
An encumbered regional power?,Peter Kagwanja,,,,,2009.0,,,ol_author,"The main focus of this paper is the link between South Africa's grand pan-African ambitions, especially in the area of peace, security and governance, and its own capacity to pursue these objectives. Specifically, the paper examines Pretoria's involvement in Africa, and its internal capacity to support its mediation, peacekeeping and strengthening of the abilities of African institutions for peacemaking. Further, it examines the challenges posed by tension between its pan-African and economic interests as well as power rivalry at the continental level, which have greatly limited its ability to play a more assertive role in regional political and economic developments. Since its transition from apartheid to democracy in April 1994, South Africa has been an increasingly important player in peace promotion activities across the continent. Because of its moral power arising from its unique transition from apartheid to democracy, and its military and economic might, South Africa is widely viewed as being in the same league as other global middle-sized powers, and as a regional 'superpower'.",,an encumbered regional power? | peter kagwanja,
Kiraitu Murungi,Peter Kagwanja,,,,,2012.0,,,ol_author,,,kiraitu murungi | peter kagwanja,
Eye on the nation,Peter Kagwanja,,,,,2014.0,,,ol_author,,,eye on the nation | peter kagwanja,
Paving Africa's silk road,Peter Kagwanja,,,,,2016.0,,,ol_author,,,paving africa s silk road | peter kagwanja,
The African challenge,Philip Ndegwa,,,,,1986.0,,,ol_author,,,the african challenge | philip ndegwa,
The common market and development in East Africa,Philip Ndegwa,,,,,1965.0,,https://covers.openlibrary.org/b/id/9635055-L.jpg,ol_author,,,the common market and development in east africa | philip ndegwa,9635055.0
Africa's Development Crisis and Related International Issues,Philip Ndegwa,,,,,1986.0,,https://covers.openlibrary.org/b/id/11694519-L.jpg,ol_author,,,africa s development crisis and related international issues | philip ndegwa,11694519.0
Africa to 2000 and beyond,Philip Ndegwa,,,,,1994.0,,https://covers.openlibrary.org/b/id/3909882-L.jpg,ol_author,,,africa to 2000 and beyond | philip ndegwa,3909882.0
Philip Ndegwa on Africa's development crisis and related international issues,Philip Ndegwa,,,,,1985.0,,,ol_author,,,philip ndegwa on africa s development crisis and related international issues | philip ndegwa,
Report of Symposium on Development Options for Africa in the 1980s and Beyond,Philip Ndegwa,,,,,1983.0,,,ol_author,,,report of symposium on development options for africa in the 1980s and beyond | philip ndegwa,
Africa's Development Crisis,Philip Ndegwa,,,,,1986.0,,,ol_author,,,africa s development crisis | philip ndegwa,
Management for development,Philip Ndegwa,,,,,1987.0,,,ol_author,,,management for development | philip ndegwa,
Still Sings the Nightbird,Philo Ikonya,,,,,2013.0,,,ol_author,"Do we live inside the breasts of our mothers? In the mind and hearts of two women, indeed at their breasts a nation lives. The whole universe is in the lives of the people Philo writes about. They hear the song of the nightjar and it has meaning. Inside a mother's chest her daughter hangs like a silent unvenerated Pieta.""Wakabi has eyes inside her breast. She sees from inside there. She knows this story well..."" A country's literature is rooted in its history. But when history is full of hardship can authors create books pregnant with optimism? In Still Sings the Nightbird Philo Ikonya defies the currents of hopelessness to point her readers to a glimmer of light at the end of the tunnel of nightmares. Out of the lonely cry of a nightjar, the rape of Kabi and indeed of Kenya, appears a light beaming into a brighter future.",,still sings the nightbird | philo ikonya,
"Kenya, Will You Marry Me?",Philo Ikonya,,,,,2011.0,,,ol_author,,,kenya will you marry me? | philo ikonya,
Splintering Silence,Philo Ikonya,,,,,2014.0,,,ol_author,,,splintering silence | philo ikonya,
Invincible Nubia - adios Lampedusa!,Philo Ikonya,,,,,2015.0,,,ol_author,,,invincible nubia adios lampedusa! | philo ikonya,
Aus dem GefÃ¤ngnis,Philo Ikonya,,,,,2010.0,,,ol_author,,,aus dem gefa$?ngnis | philo ikonya,
Leading the Night,Philo Ikonya,,,,,2010.0,,https://covers.openlibrary.org/b/id/10243246-L.jpg,ol_author,,,leading the night | philo ikonya,10243246.0
The Kenyan boy who became the president of America,Philo Ikonya,,,,,2008.0,,,ol_author,,,the kenyan boy who became the president of america | philo ikonya,
This bread of peace,Philo Ikonya,,,,,2010.0,,,ol_author,,,this bread of peace | philo ikonya,
Triple heritage,Rasna Warah,,,,,1998.0,,,ol_author,,,triple heritage | rasna warah,
Lords of Impunity,Rasna Warah,,,,,2022.0,,https://covers.openlibrary.org/b/id/14829774-L.jpg,ol_author,,,lords of impunity | rasna warah,14829774.0
War crimes,Rasna Warah,,,,,2014.0,,,ol_author,"In War Crimes Kenyan journalist Rasna Warah exposes how foreign governments and humanitarian agencies conspired to keep Somalia in a permanent state of under-development and conflict and how Somali politicians, warlords, clan-based fiefdoms and terrorists benefited from the ensuing chaos and anarchy. The book is about the many war crimes that have taken place in Somalia in the name of peace, development, religion and reconciliation. It reveals who gained from the spoils of war and who paid the price. War Crimes is an insightful examination of why a failed state colluded in its own destruction and why the international community did little to stop it.",,war crimes | rasna warah,
Red soil and roasted maize,Rasna Warah,,,,,2011.0,,,ol_author,,,red soil and roasted maize | rasna warah,
Unsilenced,Rasna Warah,,,,,2016.0,,https://covers.openlibrary.org/b/id/14848269-L.jpg,ol_author,,,unsilenced | rasna warah,14848269.0
"Missionaries, Mercenaries and Misfits",Rasna Warah,,,,,2008.0,,https://covers.openlibrary.org/b/id/10685855-L.jpg,ol_author,,,missionaries mercenaries and misfits | rasna warah,10685855.0
Mogadishu Then and Now,Rasna Warah,,,,,2012.0,,https://covers.openlibrary.org/b/id/10685052-L.jpg,ol_author,,,mogadishu then and now | rasna warah,10685052.0
Mfalme Chui Mkatili,Rebecca Nandwa,,,,,2001.0,,https://covers.openlibrary.org/b/id/14071820-L.jpg,ol_author,,,mfalme chui mkatili | rebecca nandwa,14071820.0
Naledi,Rebecca Nandwa,,,,,2006.0,,,ol_author,,,naledi | rebecca nandwa,
Mnyama mwenye huruma,Rebecca Nandwa,,,,,2005.0,,,ol_author,,,mnyama mwenye huruma | rebecca nandwa,
The sacred seed,Rebeka Njau,,,,,2003.0,,,ol_author,,,the sacred seed | rebeka njau,
Ripples in the pool,Rebeka Njau,,,,,1975.0,,https://covers.openlibrary.org/b/id/14720299-L.jpg,ol_author,,,ripples in the pool | rebeka njau,14720299.0
Kenya women heroes and their mystical power,Rebeka Njau,,,,,1984.0,,,ol_author,,,kenya women heroes and their mystical power | rebeka njau,
Mirrors of my life,Rebeka Njau,,,,,2019.0,,,ol_author,,,mirrors of my life | rebeka njau,
The hypocrite and other stories,Rebeka Njau,,,,,1977.0,,,ol_author,,,the hypocrite and other stories | rebeka njau,
The scar,Rebeka Njau,,,,,1965.0,,,ol_author,,,the scar | rebeka njau,
"Kiswahili : past, present and future horizons",Rocha Chimera,,,,,1997.0,,https://covers.openlibrary.org/b/id/2304853-L.jpg,ol_author,,,kiswahili : past present and future horizons | rocha chimera,2304853.0
Dedan Kimathi,Samuel Kahiga,,,,,1990.0,,,ol_author,,,dedan kimathi | samuel kahiga,
Paradise farm,Samuel Kahiga,,,,,1993.0,,,ol_author,,,paradise farm | samuel kahiga,
When the stars are scattered,Samuel Kahiga,,,,,1979.0,,https://covers.openlibrary.org/b/id/4377948-L.jpg,ol_author,,,when the stars are scattered | samuel kahiga,4377948.0
The girl from abroad,Samuel Kahiga,,,,,1974.0,,https://covers.openlibrary.org/b/id/8441685-L.jpg,ol_author,,,the girl from abroad | samuel kahiga,8441685.0
Lover in the sky,Samuel Kahiga,,,,,1975.0,,,ol_author,,,lover in the sky | samuel kahiga,
Flight to Juba,Samuel Kahiga,,,,,1979.0,,,ol_author,,,flight to juba | samuel kahiga,
A study of Kalenjin linguistics,Taaitta Toweett,,,,,1979.0,,,ol_author,,,a study of kalenjin linguistics | taaitta toweett,
Oral (traditional) history of the Kipsigis,Taaitta Toweett,,,,,1979.0,,,ol_author,,,oral (traditional) history of the kipsigis | taaitta toweett,
Oral traditional history of the Kipsigis,Taaitta Toweett,,,,,1979.0,,,ol_author,,,oral traditional history of the kipsigis | taaitta toweett,
Tears over a dead cow and other stories,Taaitta Toweett,,,,,1980.0,,,ol_author,,,tears over a dead cow and other stories | taaitta toweett,
An African's year in England,Taaitta Toweett,,,,,1983.0,,,ol_author,,,an african s year in england | taaitta toweett,
English-Swahili-Kalenjin,Taaitta Toweett,,,,,1979.0,,,ol_author,,,english swahili kalenjin | taaitta toweett,
Epitaph on colonialism and shorter poems,Taaitta Toweett,,,,,1980.0,,,ol_author,,,epitaph on colonialism and shorter poems | taaitta toweett,
Tears over a dead cow,Taaitta Toweett,,,,,1980.0,,,ol_author,,,tears over a dead cow | taaitta toweett,
Unsung heroes of Lancaster,Taaitta Toweett,,,,,2010.0,,,ol_author,,,unsung heroes of lancaster | taaitta toweett,
Twilight woman,Thomas Akare,,,,,1988.0,,,ol_author,,,twilight woman | thomas akare,
The slums,Thomas Akare,,,,,1981.0,,https://covers.openlibrary.org/b/id/4334843-L.jpg,ol_author,,,the slums | thomas akare,4334843.0
The road to Eldoret and other stories,Tony Mochama,,,,,2009.0,,,ol_author,,,the road to eldoret and other stories | tony mochama,
Princess Adhis and the naija coca broda,Tony Mochama,,,,,2011.0,,,ol_author,A novel.,,princess adhis and the naija coca broda | tony mochama,
What if I am a literary gangsta?,Tony Adam Mochama,,,,,2007.0,,,ol_author,,,what if i am a literary gangsta? | tony adam mochama,
"Nairobi, a night guide",Tony Adam Mochama,,,,,2013.0,,,ol_author,,,nairobi a night guide | tony adam mochama,
Meet the Omtitas,Tony Adam Mochama,,,,,2013.0,,https://covers.openlibrary.org/b/id/11295355-L.jpg,ol_author,,,meet the omtitas | tony adam mochama,11295355.0
Three days on the cross,Wahome Mutahi,,,,,1991.0,,https://covers.openlibrary.org/b/id/2304804-L.jpg,ol_author,,,three days on the cross | wahome mutahi,2304804.0
How to be a Kenyan,Wahome Mutahi,,,,,1996.0,,https://covers.openlibrary.org/b/id/2304807-L.jpg,ol_author,,,how to be a kenyan | wahome mutahi,2304807.0
The jail bugs,Wahome Mutahi,,,,,1992.0,,,ol_author,,,the jail bugs | wahome mutahi,
The miracle merchant,Wahome Mutahi,,,,,2003.0,,https://covers.openlibrary.org/b/id/13276464-L.jpg,ol_author,,,the miracle merchant | wahome mutahi,13276464.0
Doomsday,Wahome Mutahi,,,,,1999.0,,,ol_author,,,doomsday | wahome mutahi,
The house of doom,Wahome Mutahi,,,,,2004.0,,https://covers.openlibrary.org/b/id/4253455-L.jpg,ol_author,,,the house of doom | wahome mutahi,4253455.0
Whispers & Camisassius,Wahome Mutahi,,,,,2002.0,,,ol_author,,,whispers & camisassius | wahome mutahi,
Best of whispers,Wahome Mutahi,,,,,2018.0,,,ol_author,,,best of whispers | wahome mutahi,
The world of Whispers,Wahome Mutahi,,,,,1991.0,,,ol_author,,,the world of whispers | wahome mutahi,
Responsible citizenship,Wahome Mutahi,,,,,1993.0,,,ol_author,,,responsible citizenship | wahome mutahi,
Just wait and see,Wahome Mutahi,,,,,2003.0,,https://covers.openlibrary.org/b/id/4317253-L.jpg,ol_author,,,just wait and see | wahome mutahi,4317253.0
Our daily bread,Wahome Mutahi,,,,,1993.0,,,ol_author,,,our daily bread | wahome mutahi,
"Responsible citizenship, building democracy",Wahome Mutahi,,,,,1993.0,,,ol_author,,,responsible citizenship building democracy | wahome mutahi,
Monitoring state-sponsored violence in Africa,Sally Sealey,,,,,2000.0,,,ol_author,,,monitoring state sponsored violence in africa | sally sealey,
People of the south-western highlands,William Robert Ochieng',,,,,1986.0,,,ol_author,,,people of the south western highlands | william robert ochieng,
Kenya,Bethwell A. Ogot,,,,,2000.0,,,ol_author,,,kenya | bethwell a ogot,
A history of Kenya,William Robert Ochieng',,,,,1985.0,,,ol_author,,,a history of kenya | william robert ochieng,
Individual dreams in Kenyan history,William Robert Ochieng',,,,,2006.0,,https://covers.openlibrary.org/b/id/5330804-L.jpg,ol_author,,,individual dreams in kenyan history | william robert ochieng,5330804.0
A pre-colonial history of the Gusii of western Kenya from c. A.D. 1500 to 1914,William Robert Ochieng',,,,,1974.0,,,ol_author,,,a pre colonial history of the gusii of western kenya from c a d 1500 to 1914 | william robert ochieng,
"The politics of transition from authoritarianism to democracy, 1978-2002",William Robert Ochieng',,,,,2007.0,,,ol_author,,,the politics of transition from authoritarianism to democracy 1978 2002 | william robert ochieng,
Historical studies and social change in western Kenya,William Robert Ochieng',,,,,2002.0,,,ol_author,,,historical studies and social change in western kenya | william robert ochieng,
The rise of a nationalist cultural state in pre-colonial Kenya,William Robert Ochieng',,,,,1976.0,,,ol_author,,,the rise of a nationalist cultural state in pre colonial kenya | william robert ochieng,
Politics and leadership in Africa,William Robert Ochieng',,,,,1975.0,,,ol_author,,,politics and leadership in africa | william robert ochieng,
An outline history of Nyanza up to 1914,William Robert Ochieng',,,,,1974.0,,,ol_author,,,an outline history of nyanza up to 1914 | william robert ochieng,
An outline history of the Rift Valley of Kenya up to A.D. 1900,William Robert Ochieng',,,,,1975.0,,,ol_author,,,an outline history of the rift valley of kenya up to a d 1900 | william robert ochieng,
The black man's democracy,William Robert Ochieng',,,,,2008.0,,,ol_author,,,the black man s democracy | william robert ochieng,
Eastern Kenya and its invaders,William Robert Ochieng',,,,,1975.0,,,ol_author,,,eastern kenya and its invaders | william robert ochieng,
The first word,William Robert Ochieng',,,,,1975.0,,,ol_author,,,the first word | william robert ochieng,
Dust,Yvonne Adhiambo Owuor,,,,,2013.0,,https://covers.openlibrary.org/b/id/11623238-L.jpg,ol_author,"""A novel that opens with a young man's murder on the day of the tumultuous 2007 election in Kenya, but then goes into the history of his family and of the splintered African nation around them--in scenes stretching back to a shocking political assassination in 1969 and the Mau Mau uprisings against British colonial rule in the 1950s""--",,dust | yvonne adhiambo owuor,11623238.0
Dragonfly Sea,Yvonne Adhiambo Owuor,,,,,2019.0,,,ol_author,,,dragonfly sea | yvonne adhiambo owuor,
Weight of whispers,Yvonne Adhiambo Owuor,,,,,2006.0,,,ol_author,A novel.,,weight of whispers | yvonne adhiambo owuor,
"Who I am, who we are",Wambui Wamae Kamiru,,,,,2016.0,,,ol_author,,,who i am who we are | wambui wamae kamiru,
Land without thunder,Grace Ogot,,,,,1968.0,,https://covers.openlibrary.org/b/id/3363263-L.jpg,ol_publisher,,,land without thunder | grace ogot,3363263.0
Kufa kuzikana,Ken Walibora,,,,,2003.0,,https://covers.openlibrary.org/b/id/15105751-L.jpg,ol_publisher,,,kufa kuzikana | ken walibora,15105751.0
Caitaani mũtharaba-inĩ,Ngũgĩ wa Thiongʼo,,,,,,,https://covers.openlibrary.org/b/id/14338902-L.jpg,ol_subject_kenya_fiction,"""The great Kenyan writer and Nobel Prize nominee NgÅ©gÄ© wa ThiongÊ¼o's powerful fictional critique of capitalism. One of the cornerstones of NgÅ©gÄ© wa ThiongÊ¼o's fame, Devil on the Cross was written in secret, on toilet paper, while NgÅ©gÄ© wa ThiongÊ¼o was in prison. It tells the tragic story of Wariinga, a young woman who moves from a rural Kenyan town to the capital, Nairobi, only to be exploited by her boss and later by a corrupt businessman. As she struggles to survive, Wariinga begins to realize that her problems are only symptoms of a larger societal malaise and that much of the misfortune stems from the Western, capitalist influences on her country. An impassioned cry for a Kenya free of dictatorship and for African writers to work in their own local dialects, Devil on the Cross has had a profound influence on Africa and on post-colonial African literature""--",,caitaani mutharaba ini | ngugi wa thiong o,14338902.0
To stir the heart,Bessie Head,,,,,,,https://covers.openlibrary.org/b/id/7901640-L.jpg,ol_subject_kenya_fiction,,,to stir the heart | bessie head,7901640.0
