title,author,theme_name
Homecoming,Ngũgĩ wa Thiong'o,Post-independence struggles
Homecoming,Ngũgĩ wa Thiong'o,Power of language
Homecoming,Ngũgĩ wa Thiong'o,Conflict in families
Black Star Nairobi,Mũkoma wa Ngũgĩ,Wealth and materialism
Black Star Nairobi,Mũkoma wa Ngũgĩ,Bad governance
Black Star Nairobi,Mũkoma wa Ngũgĩ,Greed
Dreams from My Father,Barack Obama,Dreams and ambitions
Dreams from My Father,Barack Obama,Youth and unemployment
Dreams from My Father,Barack Obama,Parent-child relationships
Spartacus: The Gladiator,Ben Kane,Folklore and oral traditions
Spartacus: The Gladiator,Ben Kane,Naming and symbolism
Spartacus: The Gladiator,Ben Kane,Justice and injustice
The Trial of Dedan Kimathi,Micere Githae Mugo,Justice and injustice
The Trial of Dedan Kimathi,Micere Githae Mugo,Trauma and healing
The Trial of Dedan Kimathi,Micere Githae Mugo,Oppression
Wasiya ya Mabanati,Ustadh Mau,Gender roles and feminism
Wasiya ya Mabanati,Ustadh Mau,Bad governance
Wasiya ya Mabanati,Ustadh Mau,Urban vs rural life
Speaks,Ngũgĩ wa Thiong'o,Wealth and materialism
Speaks,Ngũgĩ wa Thiong'o,Bad governance
Speaks,Ngũgĩ wa Thiong'o,Education and opportunity
Land Without Thunder,Grace Emily Akinyi Ogot,Wealth and materialism
Land Without Thunder,Grace Emily Akinyi Ogot,Indigenous knowledge
Land Without Thunder,Grace Emily Akinyi Ogot,Generosity
Nairobi Noir (Akashic Noir),Ngũgĩ wa Thiong'o,Wealth and materialism
Nairobi Noir (Akashic Noir),Ngũgĩ wa Thiong'o,Greed
Nairobi Noir (Akashic Noir),Ngũgĩ wa Thiong'o,Environmental conservation
Migritude,Shailja Patel,Bad governance
Migritude,Shailja Patel,Hard work
Migritude,Shailja Patel,Religion and spirituality
Wizard of the Crow,Ngũgĩ wa Thiong'o,Power of language
Wizard of the Crow,Ngũgĩ wa Thiong'o,Folklore and oral traditions
Wizard of the Crow,Ngũgĩ wa Thiong'o,Indigenous knowledge
Going Down River Road,Meja Mwangi,Urbanization
Going Down River Road,Meja Mwangi,Urban vs rural life
Going Down River Road,Meja Mwangi,Bad governance
The Dragonfly Sea,Yvonne Adhiambo Owuor,Urban vs rural life
The Dragonfly Sea,Yvonne Adhiambo Owuor,Oppression
The Dragonfly Sea,Yvonne Adhiambo Owuor,Gender roles and feminism
Manukato ya wa mbeja,Ahmed Sheikh Nabhany,Bad governance
Manukato ya wa mbeja,Ahmed Sheikh Nabhany,Gender roles and feminism
Manukato ya wa mbeja,Ahmed Sheikh Nabhany,Religion and spirituality
Q132731040,Barack Obama,Identity crisis
Q132731040,Barack Obama,Community solidarity
Q132731040,Barack Obama,Civic responsibility
Detained: A Writer's Prison Diary,Ngũgĩ wa Thiong'o,Oppression
Detained: A Writer's Prison Diary,Ngũgĩ wa Thiong'o,Justice and injustice
Detained: A Writer's Prison Diary,Ngũgĩ wa Thiong'o,Poverty
Facing Mount Kenya,Jomo Kenyatta,Wealth and materialism
Facing Mount Kenya,Jomo Kenyatta,Bad governance
Facing Mount Kenya,Jomo Kenyatta,Generosity
Decolonising the Mind: The Politics of Language in African Literature,Ngũgĩ wa Thiong'o,Power of language
Decolonising the Mind: The Politics of Language in African Literature,Ngũgĩ wa Thiong'o,Wealth and materialism
Decolonising the Mind: The Politics of Language in African Literature,Ngũgĩ wa Thiong'o,Oppression
Betrayal in the City,Francis D. Imbuga,Wealth and materialism
Betrayal in the City,Francis D. Imbuga,Bad governance
Betrayal in the City,Francis D. Imbuga,Greed
Haki za watoto,Ustadh Mau,Wealth and materialism
Haki za watoto,Ustadh Mau,Community solidarity
Haki za watoto,Ustadh Mau,Gender roles and feminism
The Heart of a Stranger: An Anthology of Exile Literature,Ngũgĩ wa Thiong'o,Folklore and oral traditions
The Heart of a Stranger: An Anthology of Exile Literature,Ngũgĩ wa Thiong'o,Poverty
The Heart of a Stranger: An Anthology of Exile Literature,Ngũgĩ wa Thiong'o,Storytelling as resistance
The Cockroach Dance,Meja Mwangi,Power of language
The Cockroach Dance,Meja Mwangi,Conflict in families
The Cockroach Dance,Meja Mwangi,Indigenous knowledge
"Preliminary Excavations of a Mesolithic Site at Abinger Common, Surrey",Louis Leakey,Generosity
"Preliminary Excavations of a Mesolithic Site at Abinger Common, Surrey",Louis Leakey,Resource exploitation
"Preliminary Excavations of a Mesolithic Site at Abinger Common, Surrey",Louis Leakey,Land and displacement
Petals of Blood,Ngũgĩ wa Thiong'o,Naming and symbolism
Petals of Blood,Ngũgĩ wa Thiong'o,Wealth and materialism
Petals of Blood,Ngũgĩ wa Thiong'o,Trauma and healing
The Climate Book,Wanjira Mathai,Climate and nature
The Climate Book,Wanjira Mathai,Environmental conservation
The Climate Book,Wanjira Mathai,Urban vs rural life
Without kiinua mgongo,David Maillu,Poverty
Without kiinua mgongo,David Maillu,Religion and spirituality
Without kiinua mgongo,David Maillu,Dreams and ambitions
Burying Caesar,Meja Mwangi,Indigenous knowledge
Burying Caesar,Meja Mwangi,Hope and despair
Burying Caesar,Meja Mwangi,Environmental conservation
Writers in Politics,Ngũgĩ wa Thiong'o,Poverty
Writers in Politics,Ngũgĩ wa Thiong'o,Political violence
Writers in Politics,Ngũgĩ wa Thiong'o,Bad governance
Uhuru wa Watumwa,James Mbotela,Post-independence struggles
Uhuru wa Watumwa,James Mbotela,Wealth and materialism
Uhuru wa Watumwa,James Mbotela,Migration and diaspora
The New Harvest: Agricultural Innovation in Africa,Calestous Juma,Wealth and materialism
The New Harvest: Agricultural Innovation in Africa,Calestous Juma,Greed
The New Harvest: Agricultural Innovation in Africa,Calestous Juma,Environmental conservation
Of Thee I Sing,Barack Obama,Silence and voice
Of Thee I Sing,Barack Obama,Greed
Of Thee I Sing,Barack Obama,Religion and spirituality
Travelling while Black,Nanjala Nyabola,Dreams and ambitions
Travelling while Black,Nanjala Nyabola,Bad governance
Travelling while Black,Nanjala Nyabola,Marriage and relationships
Unbowed,Wangari Muta Maathai,Marriage and relationships
Unbowed,Wangari Muta Maathai,Poverty
Unbowed,Wangari Muta Maathai,Morality and ethics
The Perfect Nine,Ngũgĩ wa Thiong'o,Power of language
The Perfect Nine,Ngũgĩ wa Thiong'o,Justice and injustice
The Perfect Nine,Ngũgĩ wa Thiong'o,Trauma and healing
Links of a Chain,Monica Genya,Bad governance
Links of a Chain,Monica Genya,Morality and ethics
Links of a Chain,Monica Genya,Parent-child relationships
Secure the Base,Ngũgĩ wa Thiong'o,Resource exploitation
Secure the Base,Ngũgĩ wa Thiong'o,Environmental conservation
Secure the Base,Ngũgĩ wa Thiong'o,Generosity
Secret Lives and Other Stories,Ngũgĩ wa Thiong'o,Folklore and oral traditions
Secret Lives and Other Stories,Ngũgĩ wa Thiong'o,Identity crisis
Secret Lives and Other Stories,Ngũgĩ wa Thiong'o,Religion and spirituality
Matigari A Novel,Ngũgĩ wa Thiong'o,Wealth and materialism
Matigari A Novel,Ngũgĩ wa Thiong'o,Greed
Matigari A Novel,Ngũgĩ wa Thiong'o,Folklore and oral traditions
The River Between,Ngũgĩ wa Thiong'o,Wealth and materialism
The River Between,Ngũgĩ wa Thiong'o,Environmental conservation
The River Between,Ngũgĩ wa Thiong'o,Bad governance
Ngugi Wa Thiong'o's drama and the kamiriithu popular theater experiment by Gichingiri Ndingiriri,Ngũgĩ wa Thiong'o,Wealth and materialism
Ngugi Wa Thiong'o's drama and the kamiriithu popular theater experiment by Gichingiri Ndingiriri,Ngũgĩ wa Thiong'o,Oppression
Ngugi Wa Thiong'o's drama and the kamiriithu popular theater experiment by Gichingiri Ndingiriri,Ngũgĩ wa Thiong'o,Folklore and oral traditions
Kwani,Binyavanga Wainaina,Wealth and materialism
Kwani,Binyavanga Wainaina,Religion and spirituality
Kwani,Binyavanga Wainaina,Bad governance
The scar : a tragedy in one act,Rebeka Njau,Trauma and healing
The scar : a tragedy in one act,Rebeka Njau,Naming and symbolism
The scar : a tragedy in one act,Rebeka Njau,Morality and ethics
Son of Woman,Charles Mangua,Parent-child relationships
Son of Woman,Charles Mangua,Conflict in families
Son of Woman,Charles Mangua,Marriage and relationships
Game of silence,Francis D. Imbuga,Silence and voice
Game of silence,Francis D. Imbuga,Fate and free will
Game of silence,Francis D. Imbuga,Selfishness
Siku Njema,Ken Waliaula,Conflict in families
Siku Njema,Ken Waliaula,Wealth and materialism
Siku Njema,Ken Waliaula,Trauma and healing
Maps of Englishness,Simon Gikandi,Ethnic diversity
Maps of Englishness,Simon Gikandi,Post-independence struggles
Maps of Englishness,Simon Gikandi,Education and opportunity
Red Strangers,Elspeth Huxley,Generosity
Red Strangers,Elspeth Huxley,Storytelling as resistance
Red Strangers,Elspeth Huxley,Education and opportunity
The Colombia Guide to East African Literature in English Since 1945,Simon Gikandi,Ethnic diversity
The Colombia Guide to East African Literature in English Since 1945,Simon Gikandi,Wealth and materialism
The Colombia Guide to East African Literature in English Since 1945,Simon Gikandi,Storytelling as resistance
The Perfect Nine: The Epic Gikuyu and Mumbi,Ngũgĩ wa Thiong'o,Urban vs rural life
The Perfect Nine: The Epic Gikuyu and Mumbi,Ngũgĩ wa Thiong'o,Trauma and healing
The Perfect Nine: The Epic Gikuyu and Mumbi,Ngũgĩ wa Thiong'o,Religion and spirituality
The Mzungu Boy,Meja Mwangi,Parent-child relationships
The Mzungu Boy,Meja Mwangi,Urban vs rural life
The Mzungu Boy,Meja Mwangi,Marriage and relationships
The Trial of Dedan Kimathi,Ngũgĩ wa Thiong'o,Bad governance
The Trial of Dedan Kimathi,Ngũgĩ wa Thiong'o,Justice and injustice
The Trial of Dedan Kimathi,Ngũgĩ wa Thiong'o,Oppression
Matigari ma Njiruungi,Ngũgĩ wa Thiong'o,Wealth and materialism
Matigari ma Njiruungi,Ngũgĩ wa Thiong'o,Power of language
Matigari ma Njiruungi,Ngũgĩ wa Thiong'o,Environmental conservation
The Black Hermit,Ngũgĩ wa Thiong'o,Indigenous knowledge
The Black Hermit,Ngũgĩ wa Thiong'o,Religion and spirituality
The Black Hermit,Ngũgĩ wa Thiong'o,Ethnic diversity
Devil on the Cross,Ngũgĩ wa Thiong'o,Religion and spirituality
Devil on the Cross,Ngũgĩ wa Thiong'o,Conflict in families
Devil on the Cross,Ngũgĩ wa Thiong'o,Wealth and materialism
A Promised Land,Barack Obama,Post-independence struggles
A Promised Land,Barack Obama,Civic responsibility
A Promised Land,Barack Obama,Environmental conservation
Ngaahika Ndeenda,Ngũgĩ wa Thiong'o,Power of language
Ngaahika Ndeenda,Ngũgĩ wa Thiong'o,Religion and spirituality
Ngaahika Ndeenda,Ngũgĩ wa Thiong'o,Conflict in families
Olympic Dream,Henry Rono,Dreams and ambitions
Olympic Dream,Henry Rono,Greed
Olympic Dream,Henry Rono,Traditional beliefs
How to Write About Africa,Binyavanga Wainaina,Wealth and materialism
How to Write About Africa,Binyavanga Wainaina,Post-independence struggles
How to Write About Africa,Binyavanga Wainaina,Ethnic diversity
The Green Cross of Kafira,Francis D. Imbuga,Indigenous knowledge
The Green Cross of Kafira,Francis D. Imbuga,Naming and symbolism
The Green Cross of Kafira,Francis D. Imbuga,Ethnic diversity
Minutes of Glory: And Other Stories,Ngũgĩ wa Thiong'o,Folklore and oral traditions
Minutes of Glory: And Other Stories,Ngũgĩ wa Thiong'o,Storytelling as resistance
Minutes of Glory: And Other Stories,Ngũgĩ wa Thiong'o,Morality and ethics
Barrel of a pen,Ngũgĩ wa Thiong'o,Resource exploitation
Barrel of a pen,Ngũgĩ wa Thiong'o,Indigenous knowledge
Barrel of a pen,Ngũgĩ wa Thiong'o,Power of language
Decolonising the Mind,Ngũgĩ wa Thiong'o,Oppression
Decolonising the Mind,Ngũgĩ wa Thiong'o,Traditional beliefs
Decolonising the Mind,Ngũgĩ wa Thiong'o,Power of language
Origins,Richard Leakey,Storytelling as resistance
Origins,Richard Leakey,Generosity
Origins,Richard Leakey,Leadership and betrayal
How to be kenyan,Wahome Mutahi,Bad governance
How to be kenyan,Wahome Mutahi,Wealth and materialism
How to be kenyan,Wahome Mutahi,Education and opportunity
Carcase for Hounds,Meja Mwangi,Greed
Carcase for Hounds,Meja Mwangi,Marriage and relationships
Carcase for Hounds,Meja Mwangi,Dreams and ambitions
"Kiswahili, past, present and future horizons",Rocha Chimera,Wealth and materialism
"Kiswahili, past, present and future horizons",Rocha Chimera,Religion and spirituality
"Kiswahili, past, present and future horizons",Rocha Chimera,Fate and free will
Coming to birth,Marjorie Oludhe Macgoye,Selfishness
Coming to birth,Marjorie Oludhe Macgoye,Parent-child relationships
Coming to birth,Marjorie Oludhe Macgoye,Poverty
"Weep Not, Child",Ngũgĩ wa Thiong'o,Parent-child relationships
"Weep Not, Child",Ngũgĩ wa Thiong'o,Poverty
"Weep Not, Child",Ngũgĩ wa Thiong'o,Hope and despair
To Stir the Heart,Ngũgĩ wa Thiong'o,Gender roles and feminism
To Stir the Heart,Ngũgĩ wa Thiong'o,Oppression
To Stir the Heart,Ngũgĩ wa Thiong'o,Political violence
A Grain of Wheat,Ngũgĩ wa Thiong'o,Climate and nature
A Grain of Wheat,Ngũgĩ wa Thiong'o,Wealth and materialism
A Grain of Wheat,Ngũgĩ wa Thiong'o,Poverty
The Promised Land,Grace Emily Akinyi Ogot,Wealth and materialism
The Promised Land,Grace Emily Akinyi Ogot,Greed
The Promised Land,Grace Emily Akinyi Ogot,Generosity
My Mother's Poem and Other Songs,Micere Githae Mugo,Wealth and materialism
My Mother's Poem and Other Songs,Micere Githae Mugo,Community solidarity
My Mother's Poem and Other Songs,Micere Githae Mugo,Generosity
THE DEAD CAME CALLING,Ndũcũ wa Ngũgĩ,Wealth and materialism
THE DEAD CAME CALLING,Ndũcũ wa Ngũgĩ,Bad governance
THE DEAD CAME CALLING,Ndũcũ wa Ngũgĩ,Greed
The Audacity of Hope,Barack Obama,Community solidarity
The Audacity of Hope,Barack Obama,Youth and unemployment
The Audacity of Hope,Barack Obama,Post-independence struggles
The Strange Bride,Grace Emily Akinyi Ogot,Wealth and materialism
The Strange Bride,Grace Emily Akinyi Ogot,Family unity
The Strange Bride,Grace Emily Akinyi Ogot,Indigenous knowledge
The Big Chiefs,Meja Mwangi,Post-independence struggles
The Big Chiefs,Meja Mwangi,Gender roles and feminism
The Big Chiefs,Meja Mwangi,Hard work
Olduvai Gorge; a report on the evolution of the hand-axe culture in beds I-IV,Louis Leakey,Indigenous knowledge
Olduvai Gorge; a report on the evolution of the hand-axe culture in beds I-IV,Louis Leakey,Cultural heritage
Olduvai Gorge; a report on the evolution of the hand-axe culture in beds I-IV,Louis Leakey,Ethnic diversity
Slavery and the Culture of Taste,Simon Gikandi,Oppression
Slavery and the Culture of Taste,Simon Gikandi,Ethnic diversity
Slavery and the Culture of Taste,Simon Gikandi,Poverty
Mtawa Mweusi,Ngũgĩ wa Thiong'o,Wealth and materialism
Mtawa Mweusi,Ngũgĩ wa Thiong'o,Bad governance
Mtawa Mweusi,Ngũgĩ wa Thiong'o,Environmental conservation
Q24937593,Ben Kane,Parent-child relationships
Q24937593,Ben Kane,Community solidarity
Q24937593,Ben Kane,Oppression
Q24937606,Ben Kane,Parent-child relationships
Q24937606,Ben Kane,Generosity
Q24937606,Ben Kane,Oppression
El brujo del cuervo,Ngũgĩ wa Thiong'o,Conflict in families
El brujo del cuervo,Ngũgĩ wa Thiong'o,Post-independence struggles
El brujo del cuervo,Ngũgĩ wa Thiong'o,Power of language
Writing in Limbo,Simon Gikandi,Post-independence struggles
Writing in Limbo,Simon Gikandi,Storytelling as resistance
Writing in Limbo,Simon Gikandi,Mental health
Q24937567,Ben Kane,Parent-child relationships
Q24937567,Ben Kane,Community solidarity
Q24937567,Ben Kane,Generosity
Q130290748,Wangari Muta Maathai,Morality and ethics
Q130290748,Wangari Muta Maathai,Community solidarity
Q130290748,Wangari Muta Maathai,Parent-child relationships
Wrestling with the Devil: A Prison Memoir,Ngũgĩ wa Thiong'o,Folklore and oral traditions
Wrestling with the Devil: A Prison Memoir,Ngũgĩ wa Thiong'o,Poverty
Wrestling with the Devil: A Prison Memoir,Ngũgĩ wa Thiong'o,Bad governance
Globalectics: Theory and the Politics of Knowing (The Wellek Library Lectures),Ngũgĩ wa Thiong'o,Climate and nature
Globalectics: Theory and the Politics of Knowing (The Wellek Library Lectures),Ngũgĩ wa Thiong'o,Ignorance
Globalectics: Theory and the Politics of Knowing (The Wellek Library Lectures),Ngũgĩ wa Thiong'o,Indigenous knowledge
Nairobi Heat,Mũkoma wa Ngũgĩ,Wealth and materialism
Nairobi Heat,Mũkoma wa Ngũgĩ,Environmental conservation
Nairobi Heat,Mũkoma wa Ngũgĩ,Religion and spirituality
WEAPON OF HUNGER,Meja Mwangi,Wealth and materialism
WEAPON OF HUNGER,Meja Mwangi,Greed
WEAPON OF HUNGER,Meja Mwangi,Identity crisis
Sulwe,Lupita Nyong'o,Language and identity
Sulwe,Lupita Nyong'o,Greed
Sulwe,Lupita Nyong'o,Power of language
Dua ya Maarusi,Ahmad Nassir Juma Bhalo Sayyani,Bad governance
Dua ya Maarusi,Ahmad Nassir Juma Bhalo Sayyani,Urban vs rural life
Dua ya Maarusi,Ahmad Nassir Juma Bhalo Sayyani,Post-independence struggles
The Trial of Christopher Okigbo,Ali Mazrui,Justice and injustice
The Trial of Christopher Okigbo,Ali Mazrui,Poverty
The Trial of Christopher Okigbo,Ali Mazrui,Bad governance
Mau Mau From Within: The Story of the Kenya Land and Freedom Army,Ngũgĩ wa Thiong'o,Wealth and materialism
Mau Mau From Within: The Story of the Kenya Land and Freedom Army,Ngũgĩ wa Thiong'o,Bad governance
Mau Mau From Within: The Story of the Kenya Land and Freedom Army,Ngũgĩ wa Thiong'o,Gender roles and feminism
Ngugi wa Thiong'o's drama and the kamiriithu popular theater experiment,Ngũgĩ wa Thiong'o,Wealth and materialism
Ngugi wa Thiong'o's drama and the kamiriithu popular theater experiment,Ngũgĩ wa Thiong'o,Oppression
Ngugi wa Thiong'o's drama and the kamiriithu popular theater experiment,Ngũgĩ wa Thiong'o,Power of language
Foundational African Writers,Simon Gikandi,Wealth and materialism
Foundational African Writers,Simon Gikandi,Storytelling as resistance
Foundational African Writers,Simon Gikandi,Ethnic diversity
Christmas Without Tusker,Meja Mwangi,Conflict in families
Christmas Without Tusker,Meja Mwangi,Greed
Christmas Without Tusker,Meja Mwangi,Hope and despair
In the Name of the Mother: Reflections on Writers and Empire,Ngũgĩ wa Thiong'o,Conflict in families
In the Name of the Mother: Reflections on Writers and Empire,Ngũgĩ wa Thiong'o,Wealth and materialism
In the Name of the Mother: Reflections on Writers and Empire,Ngũgĩ wa Thiong'o,Marriage and relationships
This Time Tomorrow,Ngũgĩ wa Thiong'o,Wealth and materialism
This Time Tomorrow,Ngũgĩ wa Thiong'o,Bad governance
This Time Tomorrow,Ngũgĩ wa Thiong'o,Environmental conservation
Things they Lost,Okwiri Oduor,Poverty
Things they Lost,Okwiri Oduor,Generosity
Things they Lost,Okwiri Oduor,Greed
The Upright Revolution: Or Why Humans Walk Upright,Ngũgĩ wa Thiong'o,Environmental conservation
The Upright Revolution: Or Why Humans Walk Upright,Ngũgĩ wa Thiong'o,Indigenous knowledge
The Upright Revolution: Or Why Humans Walk Upright,Ngũgĩ wa Thiong'o,Generosity
Kill Me Quick,Meja Mwangi,Identity crisis
Kill Me Quick,Meja Mwangi,Urban vs rural life
Kill Me Quick,Meja Mwangi,Good vs evil
Sauti ya dhiki,Abdilatif Abdalla,Bad governance
Sauti ya dhiki,Abdilatif Abdalla,Silence and voice
Sauti ya dhiki,Abdilatif Abdalla,Fate and free will
Liyongo songs,Gudrun Miehe,Power of language
Liyongo songs,Gudrun Miehe,Urban vs rural life
Liyongo songs,Gudrun Miehe,Silence and voice
Mashairi ya miaka kumi ya Azimio la Arusha,Abdilatif Abdalla,Conflict in families
Mashairi ya miaka kumi ya Azimio la Arusha,Abdilatif Abdalla,Bad governance
Mashairi ya miaka kumi ya Azimio la Arusha,Abdilatif Abdalla,Identity crisis
"A statement given by Abdilatif Abdalla, chief co-ordinator of the United Movement for Democracy in Kenya, to the 7th Pan-African Congress, Kampala, Uganda on 3-8 April, 1994",Abdilatif Abdalla,Bad governance
"A statement given by Abdilatif Abdalla, chief co-ordinator of the United Movement for Democracy in Kenya, to the 7th Pan-African Congress, Kampala, Uganda on 3-8 April, 1994",Abdilatif Abdalla,Poverty
"A statement given by Abdilatif Abdalla, chief co-ordinator of the United Movement for Democracy in Kenya, to the 7th Pan-African Congress, Kampala, Uganda on 3-8 April, 1994",Abdilatif Abdalla,Corruption and governance
Imaginative Vision of Abdilatif Abdalla's Voice of Agony,Abdilatif Abdalla,Silence and voice
Imaginative Vision of Abdilatif Abdalla's Voice of Agony,Abdilatif Abdalla,Hard work
Imaginative Vision of Abdilatif Abdalla's Voice of Agony,Abdilatif Abdalla,Greed
Kale ya washairi wa Pemba,Ali bin Said bin Rashid Jahadhmiy,Bad governance
Kale ya washairi wa Pemba,Ali bin Said bin Rashid Jahadhmiy,Urban vs rural life
Kale ya washairi wa Pemba,Ali bin Said bin Rashid Jahadhmiy,Civic responsibility
Sambo ya Kiwandeo,Ahmed Sheikh Nabhany,Bad governance
Sambo ya Kiwandeo,Ahmed Sheikh Nabhany,Religion and spirituality
Sambo ya Kiwandeo,Ahmed Sheikh Nabhany,Post-independence struggles
Umbuji wa kiwandeo,Ahmed Sheikh Nabhany,Bad governance
Umbuji wa kiwandeo,Ahmed Sheikh Nabhany,Wealth and materialism
Umbuji wa kiwandeo,Ahmed Sheikh Nabhany,Post-independence struggles
Umbuji wa mnazi,Ahmed Sheikh Nabhany,Bad governance
Umbuji wa mnazi,Ahmed Sheikh Nabhany,Wealth and materialism
Umbuji wa mnazi,Ahmed Sheikh Nabhany,Poverty
Kilio cha haki,Ali AlʼAmin Mazrui,Wealth and materialism
Kilio cha haki,Ali AlʼAmin Mazrui,Bad governance
Kilio cha haki,Ali AlʼAmin Mazrui,Justice and injustice
The Africans,Ali AlʼAmin Mazrui,Ethnic diversity
The Africans,Ali AlʼAmin Mazrui,Poverty
The Africans,Ali AlʼAmin Mazrui,Oppression
The African condition,Ali AlʼAmin Mazrui,Poverty
The African condition,Ali AlʼAmin Mazrui,Oppression
The African condition,Ali AlʼAmin Mazrui,Greed
Africa's international relations,Ali AlʼAmin Mazrui,Greed
Africa's international relations,Ali AlʼAmin Mazrui,Political violence
Africa's international relations,Ali AlʼAmin Mazrui,Bad governance
Towards a Pax Africana,Ali AlʼAmin Mazrui,Poverty
Towards a Pax Africana,Ali AlʼAmin Mazrui,Wealth and materialism
Towards a Pax Africana,Ali AlʼAmin Mazrui,Morality and ethics
"UNESCO General History of Africa, Vol. VIII",Ali AlʼAmin Mazrui,Ethnic diversity
"UNESCO General History of Africa, Vol. VIII",Ali AlʼAmin Mazrui,Environmental conservation
"UNESCO General History of Africa, Vol. VIII",Ali AlʼAmin Mazrui,Wealth and materialism
The trial of Christopher Okigbo,Ali AlʼAmin Mazrui,Justice and injustice
The trial of Christopher Okigbo,Ali AlʼAmin Mazrui,Poverty
The trial of Christopher Okigbo,Ali AlʼAmin Mazrui,Morality and ethics
Euro-Jews and Afro-Arabs,Ali AlʼAmin Mazrui,Ethnic diversity
Euro-Jews and Afro-Arabs,Ali AlʼAmin Mazrui,Oppression
Euro-Jews and Afro-Arabs,Ali AlʼAmin Mazrui,Poverty
The political sociology of the English language,Ali AlʼAmin Mazrui,Oppression
The political sociology of the English language,Ali AlʼAmin Mazrui,Political violence
The political sociology of the English language,Ali AlʼAmin Mazrui,Ethnic diversity
The power of Babel,Ali AlʼAmin Mazrui,Bad governance
The power of Babel,Ali AlʼAmin Mazrui,Morality and ethics
The power of Babel,Ali AlʼAmin Mazrui,Poverty
The Warrior Tradition in Modern Africa (International Studies in Sociology and Social Anthropology),Ali AlʼAmin Mazrui,Wealth and materialism
The Warrior Tradition in Modern Africa (International Studies in Sociology and Social Anthropology),Ali AlʼAmin Mazrui,Indigenous knowledge
The Warrior Tradition in Modern Africa (International Studies in Sociology and Social Anthropology),Ali AlʼAmin Mazrui,Ethnic diversity
Swahili state and society,Ali AlʼAmin Mazrui,Poverty
Swahili state and society,Ali AlʼAmin Mazrui,Bad governance
Swahili state and society,Ali AlʼAmin Mazrui,Wealth and materialism
Cultural Forces in World Politics,Ali AlʼAmin Mazrui,Bad governance
Cultural Forces in World Politics,Ali AlʼAmin Mazrui,Ethnic diversity
Cultural Forces in World Politics,Ali AlʼAmin Mazrui,Wealth and materialism
Shadows of the moon,Ali AlʼAmin Mazrui,Wealth and materialism
Shadows of the moon,Ali AlʼAmin Mazrui,Morality and ethics
Shadows of the moon,Ali AlʼAmin Mazrui,Justice and injustice
Violence and thought,Ali AlʼAmin Mazrui,Political violence
Violence and thought,Ali AlʼAmin Mazrui,Justice and injustice
Violence and thought,Ali AlʼAmin Mazrui,Morality and ethics
World culture and the Black experience,Ali AlʼAmin Mazrui,Ethnic diversity
World culture and the Black experience,Ali AlʼAmin Mazrui,Indigenous knowledge
World culture and the Black experience,Ali AlʼAmin Mazrui,Oppression
"Power, politics, and the African condition",Ali AlʼAmin Mazrui,Bad governance
"Power, politics, and the African condition",Ali AlʼAmin Mazrui,Poverty
"Power, politics, and the African condition",Ali AlʼAmin Mazrui,Greed
A World Federation of Cultures,Ali AlʼAmin Mazrui,Ethnic diversity
A World Federation of Cultures,Ali AlʼAmin Mazrui,Indigenous knowledge
A World Federation of Cultures,Ali AlʼAmin Mazrui,Wealth and materialism
Islam,Ali AlʼAmin Mazrui,Morality and ethics
Islam,Ali AlʼAmin Mazrui,Oppression
Islam,Ali AlʼAmin Mazrui,Poverty
The Anglo-African commonwealth,Ali AlʼAmin Mazrui,Ethnic diversity
The Anglo-African commonwealth,Ali AlʼAmin Mazrui,Oppression
The Anglo-African commonwealth,Ali AlʼAmin Mazrui,Poverty
How Art Can Be Thought,Allan deSouza,Wealth and materialism
How Art Can Be Thought,Allan deSouza,Folklore and oral traditions
How Art Can Be Thought,Allan deSouza,Oppression
Ark of Martyrs,Allan Desouza,Greed
Ark of Martyrs,Allan Desouza,Justice and injustice
Ark of Martyrs,Allan Desouza,Folklore and oral traditions
"Allan deSouza, a decade of photoworks, 1998-2008",Allan DeSouza,Parent-child relationships
"Allan deSouza, a decade of photoworks, 1998-2008",Allan DeSouza,Hard work
"Allan deSouza, a decade of photoworks, 1998-2008",Allan DeSouza,Love and heartbreak
"Allan deSouza, Yong Soon Min",Allan DeSouza,Urban vs rural life
"Allan deSouza, Yong Soon Min",Allan DeSouza,Post-independence struggles
"Allan deSouza, Yong Soon Min",Allan DeSouza,Peer pressure
AlterNatives,Allan DeSouza,Greed
AlterNatives,Allan DeSouza,Love and heartbreak
AlterNatives,Allan DeSouza,Poverty
Crossing black waters,Allan DeSouza,Love and heartbreak
Crossing black waters,Allan DeSouza,Greed
Crossing black waters,Allan DeSouza,Fate and free will
Looking both ways,Laurie Ann Farrell,Youth and unemployment
Looking both ways,Laurie Ann Farrell,Fate and free will
Looking both ways,Laurie Ann Farrell,Naming and symbolism
Jua na Upepo,Anne Matindi,Wealth and materialism
Jua na Upepo,Anne Matindi,Morality and ethics
Jua na Upepo,Anne Matindi,Marriage and relationships
The lonely black pig,Anne Matindi,Greed
The lonely black pig,Anne Matindi,Selfishness
The lonely black pig,Anne Matindi,Wealth and materialism
The sun-men and other plays,Anne Matindi,Laziness
The sun-men and other plays,Anne Matindi,Morality and ethics
The sun-men and other plays,Anne Matindi,Greed
The sun and the wind,Anne Matindi,Climate and nature
The sun and the wind,Anne Matindi,Laziness
The sun and the wind,Anne Matindi,Wealth and materialism
Tax & development,Attiya Waris,Bad governance
Tax & development,Attiya Waris,Poverty
Tax & development,Attiya Waris,Post-independence struggles
Financing Africa,Attiya Waris,Greed
Financing Africa,Attiya Waris,Poverty
Financing Africa,Attiya Waris,Bad governance
Taxation and state building in Kenya,Attiya Waris,Wealth and materialism
Taxation and state building in Kenya,Attiya Waris,Bad governance
Taxation and state building in Kenya,Attiya Waris,Greed
"Tax Justice and the Political Economy of Global Capitalism, 1945 to the Present",Jeremy Leaman,Bad governance
"Tax Justice and the Political Economy of Global Capitalism, 1945 to the Present",Jeremy Leaman,Generosity
"Tax Justice and the Political Economy of Global Capitalism, 1945 to the Present",Jeremy Leaman,Oppression
Das Leben kommt immer dazwischen,Auma Obama,Identity crisis
Das Leben kommt immer dazwischen,Auma Obama,Environmental conservation
Das Leben kommt immer dazwischen,Auma Obama,Poverty
And Then Life Happens,Auma Obama,Identity crisis
And Then Life Happens,Auma Obama,Greed
And Then Life Happens,Auma Obama,Wealth and materialism
Leidenschaft,Auma Obama,Wealth and materialism
Leidenschaft,Auma Obama,Marriage and relationships
Leidenschaft,Auma Obama,Community solidarity
Day after tomorrow,Bahadur Tejani,Bad governance
Day after tomorrow,Bahadur Tejani,Urban vs rural life
Day after tomorrow,Bahadur Tejani,Post-independence struggles
The rape of literature,Bahadur Tejani,Poverty
The rape of literature,Bahadur Tejani,Bad governance
The rape of literature,Bahadur Tejani,Storytelling as resistance
Okello's Shakespeare,Bahadur Tejani,Poverty
Okello's Shakespeare,Bahadur Tejani,Trauma and healing
Okello's Shakespeare,Bahadur Tejani,Wealth and materialism
Laughing in the face of terrorism,Bahadur Tejani,Bad governance
Laughing in the face of terrorism,Bahadur Tejani,Poverty
Laughing in the face of terrorism,Bahadur Tejani,Justice and injustice
Alnoor meets George Washington,Bahadur Tejani,Marriage and relationships
Alnoor meets George Washington,Bahadur Tejani,Post-independence struggles
Alnoor meets George Washington,Bahadur Tejani,Wealth and materialism
Obamawala,Bahadur Tejani,Bad governance
Obamawala,Bahadur Tejani,Wealth and materialism
Obamawala,Bahadur Tejani,Poverty
Spartacus,Ben Kane,Folklore and oral traditions
Spartacus,Ben Kane,Greed
Spartacus,Ben Kane,Silence and voice
The forgotten legion,Ben Kane,Folklore and oral traditions
The forgotten legion,Ben Kane,Trauma and healing
The forgotten legion,Ben Kane,Cultural heritage
Enemy of Rome,Ben Kane,Greed
Enemy of Rome,Ben Kane,Political violence
Enemy of Rome,Ben Kane,Urbanization
Hannibal,Ben Kane,Parent-child relationships
Hannibal,Ben Kane,Silence and voice
Hannibal,Ben Kane,Education and opportunity
The Silver Eagle A Novel Of The Forgotten Legion,Ben Kane,Poverty
The Silver Eagle A Novel Of The Forgotten Legion,Ben Kane,Folklore and oral traditions
The Silver Eagle A Novel Of The Forgotten Legion,Ben Kane,Indigenous knowledge
Eagles at war,Ben Kane,Colonialism and resistance
Eagles at war,Ben Kane,Love and heartbreak
Eagles at war,Ben Kane,Folklore and oral traditions
Eagles in the storm,Ben Kane,Parent-child relationships
Eagles in the storm,Ben Kane,Love and heartbreak
Eagles in the storm,Ben Kane,Good vs evil
Stormcrow,Ben Kane,Silence and voice
Stormcrow,Ben Kane,Parent-child relationships
Stormcrow,Ben Kane,Folklore and oral traditions
Clash of Empires,Ben Kane,Greed
Clash of Empires,Ben Kane,Folklore and oral traditions
Clash of Empires,Ben Kane,Hard work
Hunting the eagles,Ben Kane,Parent-child relationships
Hunting the eagles,Ben Kane,Fate and free will
Hunting the eagles,Ben Kane,Resource exploitation
Clouds of War,Ben Kane,Climate and nature
Clouds of War,Ben Kane,Folklore and oral traditions
Clouds of War,Ben Kane,Justice and injustice
The Silver Eagle,Ben Kane,Parent-child relationships
The Silver Eagle,Ben Kane,Greed
The Silver Eagle,Ben Kane,Silence and voice
A Day of Fire,E Knight,Folklore and oral traditions
A Day of Fire,E Knight,Religion and spirituality
A Day of Fire,E Knight,Greed
One day I will write about this place,Binyavanga Wainaina,Wealth and materialism
One day I will write about this place,Binyavanga Wainaina,Post-independence struggles
One day I will write about this place,Binyavanga Wainaina,Bad governance
Discovering home,Binyavanga Wainaina,Post-independence struggles
Discovering home,Binyavanga Wainaina,Climate and nature
Discovering home,Binyavanga Wainaina,Indigenous knowledge
Beyond the River Yei,Binyavanga Wainaina,Post-independence struggles
Beyond the River Yei,Binyavanga Wainaina,Urban vs rural life
Beyond the River Yei,Binyavanga Wainaina,Wealth and materialism
Kwani? 02,Binyavanga Wainaina,Wealth and materialism
Kwani? 02,Binyavanga Wainaina,Urban vs rural life
Kwani? 02,Binyavanga Wainaina,Bad governance
Kwani? 1 (Kwani?),Binyavanga Wainaina,Wealth and materialism
Kwani? 1 (Kwani?),Binyavanga Wainaina,Urban vs rural life
Kwani? 1 (Kwani?),Binyavanga Wainaina,Religion and spirituality
Andreas Herzau,Andreas Herzau,Urbanization
Andreas Herzau,Andreas Herzau,Community solidarity
Andreas Herzau,Andreas Herzau,Oppression
Nguva Na Nyoka,Binyavanga Wainaina,Wealth and materialism
Nguva Na Nyoka,Binyavanga Wainaina,Bad governance
Nguva Na Nyoka,Binyavanga Wainaina,Gender roles and feminism
Algún día escribiré sobre África,Binyavanga Wainaina,Post-independence struggles
Algún día escribiré sobre África,Binyavanga Wainaina,Wealth and materialism
Algún día escribiré sobre África,Binyavanga Wainaina,Ethnic diversity
We the women-- for peace,Aseghedech Ghirmazion,Gender roles and feminism
We the women-- for peace,Aseghedech Ghirmazion,Community solidarity
We the women-- for peace,Aseghedech Ghirmazion,Wealth and materialism
Confessions of an AIDS victim,Carolyne Adalla,Youth and unemployment
Confessions of an AIDS victim,Carolyne Adalla,Trauma and healing
Confessions of an AIDS victim,Carolyne Adalla,Identity crisis
The position of Kiswahili in Kenya,Chacha Nyaigotti-Chacha,Bad governance
The position of Kiswahili in Kenya,Chacha Nyaigotti-Chacha,Wealth and materialism
The position of Kiswahili in Kenya,Chacha Nyaigotti-Chacha,Agriculture and food security
Mke mwenza,Chacha Nyaigotti Chacha,Community solidarity
Mke mwenza,Chacha Nyaigotti Chacha,Oppression
Mke mwenza,Chacha Nyaigotti Chacha,Power of language
Ushairi wa Abdilatif Abdalla,Chacha Nyaigotti Chacha,Bad governance
Ushairi wa Abdilatif Abdalla,Chacha Nyaigotti Chacha,Cultural heritage
Ushairi wa Abdilatif Abdalla,Chacha Nyaigotti Chacha,Gender roles and feminism
Wingi jeusi,Chacha Nyaigotti Chacha,Urban vs rural life
Wingi jeusi,Chacha Nyaigotti Chacha,Language and identity
Wingi jeusi,Chacha Nyaigotti Chacha,Justice and injustice
Hukumu,Chacha Nyaigotti Chacha,Agriculture and food security
Hukumu,Chacha Nyaigotti Chacha,Silence and voice
Hukumu,Chacha Nyaigotti Chacha,Justice and injustice
Traditional medicine in Africa,Isaac Sindiga,Indigenous knowledge
Traditional medicine in Africa,Isaac Sindiga,Morality and ethics
Traditional medicine in Africa,Isaac Sindiga,Wealth and materialism
The golden feather,Charity Waciuma,Generosity
The golden feather,Charity Waciuma,Wealth and materialism
The golden feather,Charity Waciuma,Morality and ethics
Daughter of Mumbi,Charity Waciuma,Parent-child relationships
Daughter of Mumbi,Charity Waciuma,Family unity
Daughter of Mumbi,Charity Waciuma,Wealth and materialism
Merry-making,Charity Waciuma,Generosity
Merry-making,Charity Waciuma,Wealth and materialism
Merry-making,Charity Waciuma,Family unity
"Mweru, the ostrich girl",Charity Waciuma,Gender roles and feminism
"Mweru, the ostrich girl",Charity Waciuma,Generosity
"Mweru, the ostrich girl",Charity Waciuma,Wealth and materialism
Who's calling?,Charity Waciuma,Poverty
Who's calling?,Charity Waciuma,Generosity
Who's calling?,Charity Waciuma,Wealth and materialism
Kenyatta's jiggers,Charles Mangua,Ethnic diversity
Kenyatta's jiggers,Charles Mangua,Oppression
Kenyatta's jiggers,Charles Mangua,Poverty
A tail in the mouth,Charles Mangua,Hard work
A tail in the mouth,Charles Mangua,Parent-child relationships
A tail in the mouth,Charles Mangua,Storytelling as resistance
Kanina and I,Charles Mangua,Conflict in families
Kanina and I,Charles Mangua,Love and heartbreak
Kanina and I,Charles Mangua,Marriage and relationships
Son of woman in Mombasa,Charles Mangua,Parent-child relationships
Son of woman in Mombasa,Charles Mangua,Conflict in families
Son of woman in Mombasa,Charles Mangua,Marriage and relationships
tail in the mouth.,Charles Mangua,Parent-child relationships
tail in the mouth.,Charles Mangua,Silence and voice
tail in the mouth.,Charles Mangua,Storytelling as resistance
Gambling With Destiny,Daniel Kamau,Fate and free will
Gambling With Destiny,Daniel Kamau,Greed
Gambling With Destiny,Daniel Kamau,Religion and spirituality
Equatorial Assignment,David Maillu,Generosity
Equatorial Assignment,David Maillu,Climate and nature
Equatorial Assignment,David Maillu,Hard work
Inheritance,David Mulwa,Poverty
Inheritance,David Mulwa,Parent-child relationships
Inheritance,David Mulwa,Cultural heritage
Redemption,David Mulwa,Fate and free will
Redemption,David Mulwa,Poverty
Redemption,David Mulwa,Justice and injustice
Master and Servant,David Mulwa,Generosity
Master and Servant,David Mulwa,Wealth and materialism
Master and Servant,David Mulwa,Poverty
We come in peace,David Mulwa,Poverty
We come in peace,David Mulwa,Migration and diaspora
We come in peace,David Mulwa,Fate and free will
"Flee, mama flee",David Mulwa,Poverty
"Flee, mama flee",David Mulwa,Hope and despair
"Flee, mama flee",David Mulwa,Migration and diaspora
Daraja,David Mulwa,Poverty
Daraja,David Mulwa,Bad governance
Daraja,David Mulwa,Fate and free will
Mkimbizi,David Mulwa,Parent-child relationships
Mkimbizi,David Mulwa,Poverty
Mkimbizi,David Mulwa,Bad governance
Clean hands,David Mulwa,Poverty
Clean hands,David Mulwa,Bad governance
Clean hands,David Mulwa,Fate and free will
Glasshouses,David Mulwa,Urbanization
Glasshouses,David Mulwa,Loneliness and isolation
Glasshouses,David Mulwa,Cultural heritage
"Katende says ""No""",David Mulwa,Poverty
"Katende says ""No""",David Mulwa,Truth and deception
"Katende says ""No""",David Mulwa,Religion and spirituality
The flame trees of Thika,Elspeth Huxley,Climate and nature
The flame trees of Thika,Elspeth Huxley,Naming and symbolism
The flame trees of Thika,Elspeth Huxley,Marriage and relationships
On the edge of the rift,Elspeth Huxley,Land and displacement
On the edge of the rift,Elspeth Huxley,Education and opportunity
On the edge of the rift,Elspeth Huxley,Climate and nature
Murder on Safari,Elspeth Huxley,Education and opportunity
Murder on Safari,Elspeth Huxley,Morality and ethics
Murder on Safari,Elspeth Huxley,Generosity
The African poison murders,Elspeth Huxley,Storytelling as resistance
The African poison murders,Elspeth Huxley,Greed
The African poison murders,Elspeth Huxley,Poverty
White man's country,Elspeth Huxley,Poverty
White man's country,Elspeth Huxley,Storytelling as resistance
White man's country,Elspeth Huxley,Climate and nature
Out in the Midday Sun,Elspeth Huxley,Climate and nature
Out in the Midday Sun,Elspeth Huxley,Laziness
Out in the Midday Sun,Elspeth Huxley,Education and opportunity
Murder at Government House,Elspeth Huxley,Political violence
Murder at Government House,Elspeth Huxley,Leadership and betrayal
Murder at Government House,Elspeth Huxley,Education and opportunity
Four Guineas,Elspeth Huxley,Generosity
Four Guineas,Elspeth Huxley,Education and opportunity
Four Guineas,Elspeth Huxley,Greed
Scott of the Antarctic,Elspeth Huxley,Education and opportunity
Scott of the Antarctic,Elspeth Huxley,Storytelling as resistance
Scott of the Antarctic,Elspeth Huxley,Generosity
Florence Nightingale,Elspeth Huxley,Education and opportunity
Florence Nightingale,Elspeth Huxley,Generosity
Florence Nightingale,Elspeth Huxley,Storytelling as resistance
Love among the daughters,Elspeth Huxley,Education and opportunity
Love among the daughters,Elspeth Huxley,Marriage and relationships
Love among the daughters,Elspeth Huxley,Parent-child relationships
Their shining Eldorado,Elspeth Huxley,Education and opportunity
Their shining Eldorado,Elspeth Huxley,Dreams and ambitions
Their shining Eldorado,Elspeth Huxley,Marriage and relationships
Race and politics in Kenya,Elspeth Huxley,Ethnic diversity
Race and politics in Kenya,Elspeth Huxley,Poverty
Race and politics in Kenya,Elspeth Huxley,Political violence
The sorcerer's apprentice,Elspeth Huxley,Education and opportunity
The sorcerer's apprentice,Elspeth Huxley,Generosity
The sorcerer's apprentice,Elspeth Huxley,Storytelling as resistance
A man from nowhere,Elspeth Huxley,Poverty
A man from nowhere,Elspeth Huxley,Climate and nature
A man from nowhere,Elspeth Huxley,Storytelling as resistance
Gallipot Eyes,Elspeth Huxley,Education and opportunity
Gallipot Eyes,Elspeth Huxley,Generosity
Gallipot Eyes,Elspeth Huxley,Resistance and struggle
Livingstone and his African journeys,Elspeth Huxley,Oppression
Livingstone and his African journeys,Elspeth Huxley,Generosity
Livingstone and his African journeys,Elspeth Huxley,Storytelling as resistance
The walled city,Elspeth Huxley,Urbanization
The walled city,Elspeth Huxley,Education and opportunity
The walled city,Elspeth Huxley,Resistance and struggle
Nine Faces of Kenya,Elspeth Huxley,Generosity
Nine Faces of Kenya,Elspeth Huxley,Greed
Nine Faces of Kenya,Elspeth Huxley,Education and opportunity
Mihiriga ya Agikuyu,Gakaara Wanjaũ,Power of language
Mihiriga ya Agikuyu,Gakaara Wanjaũ,Urban vs rural life
Mihiriga ya Agikuyu,Gakaara Wanjaũ,Conflict in families
"Agikuyu, Mau Mau na wiyathi =",Gakaara Wanjaũ,Power of language
"Agikuyu, Mau Mau na wiyathi =",Gakaara Wanjaũ,Gender roles and feminism
"Agikuyu, Mau Mau na wiyathi =",Gakaara Wanjaũ,Wealth and materialism
Writing for Kenya,Henry Muoria,Poverty
Writing for Kenya,Henry Muoria,Wealth and materialism
Writing for Kenya,Henry Muoria,Greed
"I, the Gikuyu, and the white fury",Henry Muoria,Silence and voice
"I, the Gikuyu, and the white fury",Henry Muoria,Fate and free will
"I, the Gikuyu, and the white fury",Henry Muoria,Hope and despair
A dictionary of the Nandi language,Jane Tapsubei Creider,Indigenous knowledge
A dictionary of the Nandi language,Jane Tapsubei Creider,Language and identity
A dictionary of the Nandi language,Jane Tapsubei Creider,Power of language
The shrunken dream,Jane Tapsubei Creider,Dreams and ambitions
The shrunken dream,Jane Tapsubei Creider,Youth and unemployment
The shrunken dream,Jane Tapsubei Creider,Folklore and oral traditions
Two lives,Jane Tapsubei Creider,Urbanization
Two lives,Jane Tapsubei Creider,Civic responsibility
Two lives,Jane Tapsubei Creider,Conflict in families
Juices,Jared Angira,Greed
Juices,Jared Angira,Marriage and relationships
Juices,Jared Angira,Silence and voice
The years go by,Jared Angira,Greed
The years go by,Jared Angira,Post-independence struggles
The years go by,Jared Angira,Generational conflict
Soft corals,Jared Angira,Marriage and relationships
Soft corals,Jared Angira,Hard work
Soft corals,Jared Angira,Morality and ethics
Silent voices; poems,Jared Angira,Silence and voice
Silent voices; poems,Jared Angira,Storytelling as resistance
Silent voices; poems,Jared Angira,Folklore and oral traditions
Cascades,Jared Angira,Greed
Cascades,Jared Angira,Marriage and relationships
Cascades,Jared Angira,Fate and free will
Lament of the silent & other poems,Jared Angira,Silence and voice
Lament of the silent & other poems,Jared Angira,Mental health
Lament of the silent & other poems,Jared Angira,Conflict in families
Tides of time,Jared Angira,Fate and free will
Tides of time,Jared Angira,Greed
Tides of time,Jared Angira,Love and heartbreak
Mau Mau kizuizini ..,Josiah Mwangi Kariuki,Wealth and materialism
Mau Mau kizuizini ..,Josiah Mwangi Kariuki,Urban vs rural life
Mau Mau kizuizini ..,Josiah Mwangi Kariuki,Marriage and relationships
JM Kariuki in Parliament,Josiah Mwangi Kariuki,Urban vs rural life
JM Kariuki in Parliament,Josiah Mwangi Kariuki,Bad governance
JM Kariuki in Parliament,Josiah Mwangi Kariuki,Trauma and healing
mau mau detainee ,josiah mwangi kariuki,Trauma and healing
mau mau detainee ,josiah mwangi kariuki,Wealth and materialism
mau mau detainee ,josiah mwangi kariuki,Urban vs rural life
Child of happy valley,Juanita Carberry,Parent-child relationships
Child of happy valley,Juanita Carberry,Conflict in families
Child of happy valley,Juanita Carberry,Marriage and relationships
Letzte Tage in Kenia. Meine Kindheit in Afrika.,Juanita Carberry,Urban vs rural life
Letzte Tage in Kenia. Meine Kindheit in Afrika.,Juanita Carberry,Oppression
Letzte Tage in Kenia. Meine Kindheit in Afrika.,Juanita Carberry,Wealth and materialism
Invisible,Kevin Mwachiro,Loneliness and isolation
Invisible,Kevin Mwachiro,Silence and voice
Invisible,Kevin Mwachiro,Love and heartbreak
Boldly queer,Theo Sandfort,Gender roles and feminism
Boldly queer,Theo Sandfort,Dreams and ambitions
Boldly queer,Theo Sandfort,Greed
The House of Rust,Khadija Abdalla Bajaber,Wealth and materialism
The House of Rust,Khadija Abdalla Bajaber,Indigenous knowledge
The House of Rust,Khadija Abdalla Bajaber,Conflict in families
Of pawns and players,Kinyanjui Kombani,Folklore and oral traditions
Of pawns and players,Kinyanjui Kombani,Greed
Of pawns and players,Kinyanjui Kombani,Urban vs rural life
The last villains of Molo,Kinyanjui Kombani,Urban vs rural life
The last villains of Molo,Kinyanjui Kombani,Folklore and oral traditions
The last villains of Molo,Kinyanjui Kombani,Justice and injustice
We can be friends,Kinyanjui Kombani,Community solidarity
We can be friends,Kinyanjui Kombani,Urban vs rural life
We can be friends,Kinyanjui Kombani,Migration and diaspora
Kifo kisimani,Kithaka wa Mberia,Wealth and materialism
Kifo kisimani,Kithaka wa Mberia,Religion and spirituality
Kifo kisimani,Kithaka wa Mberia,Bad governance
Bara jingine,Kithaka wa Mberia.,Bad governance
Bara jingine,Kithaka wa Mberia.,Urban vs rural life
Bara jingine,Kithaka wa Mberia.,Wealth and materialism
Flowers in the morning sun,Kithaka wa Mberia,Naming and symbolism
Flowers in the morning sun,Kithaka wa Mberia,Wealth and materialism
Flowers in the morning sun,Kithaka wa Mberia,Climate and nature
Mchezo wa karata,Kithaka wa Mberia.,Wealth and materialism
Mchezo wa karata,Kithaka wa Mberia.,Community solidarity
Mchezo wa karata,Kithaka wa Mberia.,Bad governance
Death at the well,Kithaka wa Mberia,Trauma and healing
Death at the well,Kithaka wa Mberia,Bad governance
Death at the well,Kithaka wa Mberia,Cultural heritage
Msimu wa tisa,Kithaka wa Mberia.,Power of language
Msimu wa tisa,Kithaka wa Mberia.,Community solidarity
Msimu wa tisa,Kithaka wa Mberia.,Wealth and materialism
Natala,Kithaka wa Mberia.,Wealth and materialism
Natala,Kithaka wa Mberia.,Urban vs rural life
Natala,Kithaka wa Mberia.,Bad governance
Maua kwenye jua la asubuhi,Kithaka wa Mberia.,Bad governance
Maua kwenye jua la asubuhi,Kithaka wa Mberia.,Wealth and materialism
Maua kwenye jua la asubuhi,Kithaka wa Mberia.,Power of language
A game of cards,Kithaka wa Mberia,Greed
A game of cards,Kithaka wa Mberia,Generosity
A game of cards,Kithaka wa Mberia,Cultural heritage
Another continent,Kithaka wa Mberia,Wealth and materialism
Another continent,Kithaka wa Mberia,Migration and diaspora
Another continent,Kithaka wa Mberia,Post-independence struggles
Redio na mwezi,Kithaka wa Mberia.,Power of language
Redio na mwezi,Kithaka wa Mberia.,Community solidarity
Redio na mwezi,Kithaka wa Mberia.,Wealth and materialism
I refuse to die,Koigi wa Wamwere.,Civic responsibility
I refuse to die,Koigi wa Wamwere.,Hope and despair
I refuse to die,Koigi wa Wamwere.,Religion and spirituality
A woman reborn,Koigi wa Wamwere.,Civic responsibility
A woman reborn,Koigi wa Wamwere.,Wealth and materialism
A woman reborn,Koigi wa Wamwere.,Gender roles and feminism
"The people's representative and the tyrants, or, Kenya, independence without freedom",Koigi wa Wamwere.,Oppression
"The people's representative and the tyrants, or, Kenya, independence without freedom",Koigi wa Wamwere.,Bad governance
"The people's representative and the tyrants, or, Kenya, independence without freedom",Koigi wa Wamwere.,Wealth and materialism
Towards genocide in Kenya,Koigi wa Wamwere.,Oppression
Towards genocide in Kenya,Koigi wa Wamwere.,Political violence
Towards genocide in Kenya,Koigi wa Wamwere.,Wealth and materialism
Conscience on Trial: Why I Was Detained,Koigi Wa Wamwere,Oppression
Conscience on Trial: Why I Was Detained,Koigi Wa Wamwere,Civic responsibility
Conscience on Trial: Why I Was Detained,Koigi Wa Wamwere,Morality and ethics
Negative Ethnicity,Koigi Wa Wamwere,Ethnic diversity
Negative Ethnicity,Koigi Wa Wamwere,Oppression
Negative Ethnicity,Koigi Wa Wamwere,Poverty
Justice on trial,Koigi wa Wamwere.,Justice and injustice
Justice on trial,Koigi wa Wamwere.,Civic responsibility
Justice on trial,Koigi wa Wamwere.,Political violence
Etnisitetsbomben,Koigi wa Wamwere.,Resource exploitation
Etnisitetsbomben,Koigi wa Wamwere.,Environmental conservation
Etnisitetsbomben,Koigi wa Wamwere.,Wealth and materialism
Kenya,Koigi wa Wamwere,Wealth and materialism
Kenya,Koigi wa Wamwere,Environmental conservation
Kenya,Koigi wa Wamwere,Civic responsibility
Dream of freedom,Koigi wa Wamwere.,Civic responsibility
Dream of freedom,Koigi wa Wamwere.,Oppression
Dream of freedom,Koigi wa Wamwere.,Post-independence struggles
Hjertets tårer,Koigi wa Wamwere.,Environmental conservation
Hjertets tårer,Koigi wa Wamwere.,Loneliness and isolation
Hjertets tårer,Koigi wa Wamwere.,Civic responsibility
The Pretoria conspiracy,Lily Mabura,Generosity
The Pretoria conspiracy,Lily Mabura,Political violence
The Pretoria conspiracy,Lily Mabura,Dreams and ambitions
"Ali, the little suntan",Lily Mabura,Morality and ethics
"Ali, the little suntan",Lily Mabura,Wealth and materialism
"Ali, the little suntan",Lily Mabura,Naming and symbolism
Saleh Kanta and the cavaliers,Lily Mabura,Silence and voice
Saleh Kanta and the cavaliers,Lily Mabura,Hard work
Saleh Kanta and the cavaliers,Lily Mabura,Marriage and relationships
Remembrance,Lily Mabura,Wealth and materialism
Remembrance,Lily Mabura,Naming and symbolism
Remembrance,Lily Mabura,Generosity
How Shall We Kill The Bishop And Other Stories,Lily Mabura,Morality and ethics
How Shall We Kill The Bishop And Other Stories,Lily Mabura,Naming and symbolism
How Shall We Kill The Bishop And Other Stories,Lily Mabura,Trauma and healing
Favour the Game Changer,Lucy Natasha,Fate and free will
Favour the Game Changer,Lucy Natasha,Silence and voice
Favour the Game Changer,Lucy Natasha,Generosity
Every Problem Has an Expiry Date!,Lucy Natasha,Hard work
Every Problem Has an Expiry Date!,Lucy Natasha,Identity crisis
Every Problem Has an Expiry Date!,Lucy Natasha,Mental health
Before You Say I Do,Lucy Natasha,Silence and voice
Before You Say I Do,Lucy Natasha,Fate and free will
Before You Say I Do,Lucy Natasha,Power of language
Gods Leading Lady,Rev. Lucy Natasha,Wealth and materialism
Gods Leading Lady,Rev. Lucy Natasha,Fate and free will
Gods Leading Lady,Rev. Lucy Natasha,Naming and symbolism
Touching Heaven Through Prayer,Rev Lucy Natasha,Religion and spirituality
Touching Heaven Through Prayer,Rev Lucy Natasha,Wealth and materialism
Touching Heaven Through Prayer,Rev Lucy Natasha,Fate and free will
A girl cannot go on laughing all the time,Magaga Alot,Parent-child relationships
A girl cannot go on laughing all the time,Magaga Alot,Mental health
A girl cannot go on laughing all the time,Magaga Alot,Youth and unemployment
People and communication in Kenya,Magaga Alot,Bad governance
People and communication in Kenya,Magaga Alot,Ethnic diversity
People and communication in Kenya,Magaga Alot,Wealth and materialism
Heat of the moment,Magaga Alot,Parent-child relationships
Heat of the moment,Magaga Alot,Power of language
Heat of the moment,Magaga Alot,Identity crisis
Daughter of state,Magaga Alot,Parent-child relationships
Daughter of state,Magaga Alot,Bad governance
Daughter of state,Magaga Alot,Conflict in families
East African integration,Magaga Alot,Ethnic diversity
East African integration,Magaga Alot,Oppression
East African integration,Magaga Alot,Poverty
Caine Prize for African Writing 2018,Olufunke Ogundimu,Greed
Caine Prize for African Writing 2018,Olufunke Ogundimu,Generosity
Caine Prize for African Writing 2018,Olufunke Ogundimu,Oppression
The Year’s Best African Speculative Fiction 2021,Oghenechovwe Donald Ekpeki,Wealth and materialism
The Year’s Best African Speculative Fiction 2021,Oghenechovwe Donald Ekpeki,Greed
The Year’s Best African Speculative Fiction 2021,Oghenechovwe Donald Ekpeki,Folklore and oral traditions
The Year’s Best African Speculative Fiction 2023,Oghenechovwe Donald Ekpeki,Wealth and materialism
The Year’s Best African Speculative Fiction 2023,Oghenechovwe Donald Ekpeki,Greed
The Year’s Best African Speculative Fiction 2023,Oghenechovwe Donald Ekpeki,Folklore and oral traditions
The present moment,Marjorie Oludhe Macgoye,Conflict in families
The present moment,Marjorie Oludhe Macgoye,Identity crisis
The present moment,Marjorie Oludhe Macgoye,Generosity
Homing in,Marjorie Oludhe Macgoye,Generosity
Homing in,Marjorie Oludhe Macgoye,Conflict in families
Homing in,Marjorie Oludhe Macgoye,Education and opportunity
Chira,Marjorie Oludhe Macgoye,Conflict in families
Chira,Marjorie Oludhe Macgoye,Silence and voice
Chira,Marjorie Oludhe Macgoye,Poverty
The composition of poetry,Marjorie Oludhe Macgoye,Conflict in families
The composition of poetry,Marjorie Oludhe Macgoye,Indigenous knowledge
The composition of poetry,Marjorie Oludhe Macgoye,Storytelling as resistance
Creative writing in prose,Marjorie Oludhe Macgoye,Storytelling as resistance
Creative writing in prose,Marjorie Oludhe Macgoye,Indigenous knowledge
Creative writing in prose,Marjorie Oludhe Macgoye,Dreams and ambitions
Growing up at Lina School,Marjorie Oludhe Macgoye,Education and opportunity
Growing up at Lina School,Marjorie Oludhe Macgoye,Parent-child relationships
Growing up at Lina School,Marjorie Oludhe Macgoye,Conflict in families
Victoria and Murder in Majengo,Marjorie Oludhe Macgoye,Oppression
Victoria and Murder in Majengo,Marjorie Oludhe Macgoye,Identity crisis
Victoria and Murder in Majengo,Marjorie Oludhe Macgoye,Conflict in families
Rebmann,Marjorie Oludhe Macgoye,Conflict in families
Rebmann,Marjorie Oludhe Macgoye,Identity crisis
Rebmann,Marjorie Oludhe Macgoye,Generosity
The story of Kenya,Marjorie Oludhe MacGoye,Poverty
The story of Kenya,Marjorie Oludhe MacGoye,Bad governance
The story of Kenya,Marjorie Oludhe MacGoye,Generosity
Murder in Majengo,Marjorie Oludhe Macgoye,Conflict in families
Murder in Majengo,Marjorie Oludhe Macgoye,Poverty
Murder in Majengo,Marjorie Oludhe Macgoye,Identity crisis
Song of Nyarloka and other poems,Marjorie Oludhe Macgoye,Indigenous knowledge
Song of Nyarloka and other poems,Marjorie Oludhe Macgoye,Marriage and relationships
Song of Nyarloka and other poems,Marjorie Oludhe Macgoye,Dreams and ambitions
"The Black Hand Gang (Junior Readers Series, 40)",Marjorie Oludhe Macgoye,Storytelling as resistance
"The Black Hand Gang (Junior Readers Series, 40)",Marjorie Oludhe Macgoye,Bad governance
"The Black Hand Gang (Junior Readers Series, 40)",Marjorie Oludhe Macgoye,Poverty
A farm called Kishinev,Marjorie Oludhe Macgoye,Agriculture and food security
A farm called Kishinev,Marjorie Oludhe Macgoye,Conflict in families
A farm called Kishinev,Marjorie Oludhe Macgoye,Poverty
Make it sing & other poems,Marjorie Oludhe Macgoye,Silence and voice
Make it sing & other poems,Marjorie Oludhe Macgoye,Dreams and ambitions
Make it sing & other poems,Marjorie Oludhe Macgoye,Conflict in families
The silent twins,Marjorie Wallace,Silence and voice
The silent twins,Marjorie Wallace,Parent-child relationships
The silent twins,Marjorie Wallace,Education and opportunity
Campaign and be damned,Marjorie Wallace,Silence and voice
Campaign and be damned,Marjorie Wallace,Greed
Campaign and be damned,Marjorie Wallace,Fate and free will
On giant's shoulders,Marjorie Wallace,Parent-child relationships
On giant's shoulders,Marjorie Wallace,Hard work
On giant's shoulders,Marjorie Wallace,Education and opportunity
Schizophrenia 1992,Marjorie Wallace,Mental health
Schizophrenia 1992,Marjorie Wallace,Parent-child relationships
Schizophrenia 1992,Marjorie Wallace,Silence and voice
Whose mind is it anyway?,Marjorie Wallace,Mental health
Whose mind is it anyway?,Marjorie Wallace,Selfishness
Whose mind is it anyway?,Marjorie Wallace,Education and opportunity
Work,Donald Ray Pollock,Hard work
Work,Donald Ray Pollock,Storytelling as resistance
Work,Donald Ray Pollock,Resource exploitation
The NGO Factor in Africa,Maurice Amutabi,Poverty
The NGO Factor in Africa,Maurice Amutabi,Bad governance
The NGO Factor in Africa,Maurice Amutabi,Greed
Regime Change and Succession Politics in Africa,Maurice N. Amutabi,Bad governance
Regime Change and Succession Politics in Africa,Maurice N. Amutabi,Poverty
Regime Change and Succession Politics in Africa,Maurice N. Amutabi,Greed
Palgrave Handbook of Contemporary Kenya,Wanjala S. Nasong'o,Bad governance
Palgrave Handbook of Contemporary Kenya,Wanjala S. Nasong'o,Wealth and materialism
Palgrave Handbook of Contemporary Kenya,Wanjala S. Nasong'o,Environmental conservation
Palgrave Handbook of Kenyan History,Wanjala S. Nasong'o,Wealth and materialism
Palgrave Handbook of Kenyan History,Wanjala S. Nasong'o,Bad governance
Palgrave Handbook of Kenyan History,Wanjala S. Nasong'o,Marriage and relationships
Foundations of adult education in Africa,Fredrick Nafukho,Wealth and materialism
Foundations of adult education in Africa,Fredrick Nafukho,Oppression
Foundations of adult education in Africa,Fredrick Nafukho,Bad governance
Africa after Fifty Years,Toyin Falola,Ethnic diversity
Africa after Fifty Years,Toyin Falola,Wealth and materialism
Africa after Fifty Years,Toyin Falola,Poverty
Palgrave Handbook of Kenya and Its History,Shadrack Wanjala Nasong'o,Bad governance
Palgrave Handbook of Kenya and Its History,Shadrack Wanjala Nasong'o,Wealth and materialism
Palgrave Handbook of Kenya and Its History,Shadrack Wanjala Nasong'o,Environmental conservation
Palgrave Handbook of Contemporary Kenya,Shadrack Wanjala Nasong'o,Bad governance
Palgrave Handbook of Contemporary Kenya,Shadrack Wanjala Nasong'o,Wealth and materialism
Palgrave Handbook of Contemporary Kenya,Shadrack Wanjala Nasong'o,Environmental conservation
The bushtrackers,Meja Mwangi,Bad governance
The bushtrackers,Meja Mwangi,Identity crisis
The bushtrackers,Meja Mwangi,Community solidarity
"The Last Plague (Vitabu Vya Nyota Series, 2)",Meja Mwangi,Urban vs rural life
"The Last Plague (Vitabu Vya Nyota Series, 2)",Meja Mwangi,Trauma and healing
"The Last Plague (Vitabu Vya Nyota Series, 2)",Meja Mwangi,Migration and diaspora
Cockroach Dance,Meja Mwangi,Power of language
Cockroach Dance,Meja Mwangi,Conflict in families
Cockroach Dance,Meja Mwangi,Marriage and relationships
Baba Pesa,Meja Mwangi,Bad governance
Baba Pesa,Meja Mwangi,Power of language
Baba Pesa,Meja Mwangi,Identity crisis
The last plague,Meja Mwangi,Trauma and healing
The last plague,Meja Mwangi,Good vs evil
The last plague,Meja Mwangi,Urban vs rural life
The return of Shaka,Meja Mwangi,Bad governance
The return of Shaka,Meja Mwangi,Fate and free will
The return of Shaka,Meja Mwangi,Migration and diaspora
Boy Gift,Meja Mwangi,Parent-child relationships
Boy Gift,Meja Mwangi,Marriage and relationships
Boy Gift,Meja Mwangi,Urban vs rural life
Striving for the wind,Meja Mwangi,Climate and nature
Striving for the wind,Meja Mwangi,Environmental conservation
Striving for the wind,Meja Mwangi,Urban vs rural life
Mama Dudu,Meja Mwangi,Community solidarity
Mama Dudu,Meja Mwangi,Post-independence struggles
Mama Dudu,Meja Mwangi,Power of language
Crossroads,Meja Mwangi,Community solidarity
Crossroads,Meja Mwangi,Identity crisis
Crossroads,Meja Mwangi,Hope and despair
Trial of Dedan Kimathi,Ngũgĩ wa Thiongʼo,Bad governance
Trial of Dedan Kimathi,Ngũgĩ wa Thiongʼo,Justice and injustice
Trial of Dedan Kimathi,Ngũgĩ wa Thiongʼo,Oppression
Visions of Africa,Mĩcere Gĩthae Mũgo,Dreams and ambitions
Visions of Africa,Mĩcere Gĩthae Mũgo,Greed
Visions of Africa,Mĩcere Gĩthae Mũgo,Wealth and materialism
"African orature and human rights in Gikuyu, Shona, and Ndebele zamani cultures",Mĩcere Gĩthae Mũgo,Oppression
"African orature and human rights in Gikuyu, Shona, and Ndebele zamani cultures",Mĩcere Gĩthae Mũgo,Ethnic diversity
"African orature and human rights in Gikuyu, Shona, and Ndebele zamani cultures",Mĩcere Gĩthae Mũgo,Poverty
The long illness of ex-Chief Kiti,Mĩcere Gĩthae Mũgo,Trauma and healing
The long illness of ex-Chief Kiti,Mĩcere Gĩthae Mũgo,Conflict in families
The long illness of ex-Chief Kiti,Mĩcere Gĩthae Mũgo,Dreams and ambitions
African orature and human rights,Mĩcere Gĩthae Mũgo,Oppression
African orature and human rights,Mĩcere Gĩthae Mũgo,Poverty
African orature and human rights,Mĩcere Gĩthae Mũgo,Environmental conservation
"Daughter of my people, sing!",Mĩcere Gĩthae Mũgo,Community solidarity
"Daughter of my people, sing!",Mĩcere Gĩthae Mũgo,Dreams and ambitions
"Daughter of my people, sing!",Mĩcere Gĩthae Mũgo,Parent-child relationships
"Muthoni wa Kirima, Mau Mau woman field marshal",Mĩcere Gĩthae Mũgo,Wealth and materialism
"Muthoni wa Kirima, Mau Mau woman field marshal",Mĩcere Gĩthae Mũgo,Gender roles and feminism
"Muthoni wa Kirima, Mau Mau woman field marshal",Mĩcere Gĩthae Mũgo,Marriage and relationships
Imperative of Utu / Ubuntu in Africana Scholarship,Mĩcere Gĩthae Mũgo,Poverty
Imperative of Utu / Ubuntu in Africana Scholarship,Mĩcere Gĩthae Mũgo,Community solidarity
Imperative of Utu / Ubuntu in Africana Scholarship,Mĩcere Gĩthae Mũgo,Wealth and materialism
Writing and speaking from the heart of my mind,Mĩcere Gĩthae Mũgo,Dreams and ambitions
Writing and speaking from the heart of my mind,Mĩcere Gĩthae Mũgo,Religion and spirituality
Writing and speaking from the heart of my mind,Mĩcere Gĩthae Mũgo,Power of language
Art of Resistance,Mĩcere Gĩthae Mũgo,Resistance and struggle
Art of Resistance,Mĩcere Gĩthae Mũgo,Storytelling as resistance
Art of Resistance,Mĩcere Gĩthae Mũgo,Colonialism and resistance
Feminism and War,Judy Rohrer,Gender roles and feminism
Feminism and War,Judy Rohrer,Oppression
Feminism and War,Judy Rohrer,Political violence
The boy in between,Miriam Khamadi Were,Parent-child relationships
The boy in between,Miriam Khamadi Were,Conflict in families
The boy in between,Miriam Khamadi Were,Gender roles and feminism
The high school gent,Miriam Khamadi Were,Gender roles and feminism
The high school gent,Miriam Khamadi Were,Wealth and materialism
The high school gent,Miriam Khamadi Were,Parent-child relationships
The eighth wife,Miriam Khamadi Were,Conflict in families
The eighth wife,Miriam Khamadi Were,Marriage and relationships
The eighth wife,Miriam Khamadi Were,Gender roles and feminism
Your heart is my altar,Miriam Khamadi Were,Religion and spirituality
Your heart is my altar,Miriam Khamadi Were,Naming and symbolism
Your heart is my altar,Miriam Khamadi Were,Morality and ethics
Your heart is my heart,Miriam Khamadi Were,Morality and ethics
Your heart is my heart,Miriam Khamadi Were,Religion and spirituality
Your heart is my heart,Miriam Khamadi Were,Naming and symbolism
A nurse with a song,Miriam Khamadi Were,Trauma and healing
A nurse with a song,Miriam Khamadi Were,Wealth and materialism
A nurse with a song,Miriam Khamadi Were,Gender roles and feminism
Organization and management of community-based health care,Miriam Khamadi Were,Community solidarity
Organization and management of community-based health care,Miriam Khamadi Were,Gender roles and feminism
Organization and management of community-based health care,Miriam Khamadi Were,Family unity
Research notes,Miriam Khamadi Were,Wealth and materialism
Research notes,Miriam Khamadi Were,Morality and ethics
Research notes,Miriam Khamadi Were,Resource exploitation
The wrong kind of girl,Monica Genya,Bad governance
The wrong kind of girl,Monica Genya,Silence and voice
The wrong kind of girl,Monica Genya,Morality and ethics
The other side of love,Monica Genya,Silence and voice
The other side of love,Monica Genya,Morality and ethics
The other side of love,Monica Genya,Love and heartbreak
Shifting sands,Moraa Gitaa,Migration and diaspora
Shifting sands,Moraa Gitaa,Wealth and materialism
Shifting sands,Moraa Gitaa,Marriage and relationships
The shark attack,Moraa Gitaa,Political violence
The shark attack,Moraa Gitaa,Hard work
The shark attack,Moraa Gitaa,Marriage and relationships
Take Nothing with You,Skeeter Wilson,Silence and voice
Take Nothing with You,Skeeter Wilson,Fate and free will
Take Nothing with You,Skeeter Wilson,Religion and spirituality
Fighting Without Ceasing,Muthoni Likimani,Poverty
Fighting Without Ceasing,Muthoni Likimani,Justice and injustice
Fighting Without Ceasing,Muthoni Likimani,Political violence
They Shall Be Chastised,Muthoni Likimani,Justice and injustice
They Shall Be Chastised,Muthoni Likimani,Poverty
They Shall Be Chastised,Muthoni Likimani,Hope and despair
What does a man want?,Muthoni Likimani,Poverty
What does a man want?,Muthoni Likimani,Gender roles and feminism
What does a man want?,Muthoni Likimani,Dreams and ambitions
Passbook number F.47927,Muthoni Likimani,Bad governance
Passbook number F.47927,Muthoni Likimani,Justice and injustice
Passbook number F.47927,Muthoni Likimani,Silence and voice
Crafty Chameleon,Mwenye Hadithi.,Language and identity
Crafty Chameleon,Mwenye Hadithi.,Urban vs rural life
Crafty Chameleon,Mwenye Hadithi.,Agriculture and food security
Greedy zebra,Mwenye Hadithi.,Oppression
Greedy zebra,Mwenye Hadithi.,Poverty
Greedy zebra,Mwenye Hadithi.,Greed
Hot Hippo,Mwenye Hadithi.,Urban vs rural life
Hot Hippo,Mwenye Hadithi.,Hard work
Hot Hippo,Mwenye Hadithi.,Love and heartbreak
Lazy lion,Mwenye Hadithi.,Laziness
Lazy lion,Mwenye Hadithi.,Poverty
Lazy lion,Mwenye Hadithi.,Oppression
Baby baboon,Mwenye Hadithi.,Parent-child relationships
Baby baboon,Mwenye Hadithi.,Post-independence struggles
Baby baboon,Mwenye Hadithi.,Urban vs rural life
Hungry Hyena,Mwenye Hadithi.,Urban vs rural life
Hungry Hyena,Mwenye Hadithi.,Agriculture and food security
Hungry Hyena,Mwenye Hadithi.,Gender roles and feminism
Tricky Tortoise,Mwenye Hadithi.,Morality and ethics
Tricky Tortoise,Mwenye Hadithi.,Hard work
Tricky Tortoise,Mwenye Hadithi.,Poverty
Laughing Giraffe,Mwenye Hadithi,Power of language
Laughing Giraffe,Mwenye Hadithi,Morality and ethics
Laughing Giraffe,Mwenye Hadithi,Conflict in families
Lazy Lion (Picture Knight),Mwenye Hadithi.,Hard work
Lazy Lion (Picture Knight),Mwenye Hadithi.,Folklore and oral traditions
Lazy Lion (Picture Knight),Mwenye Hadithi.,Fate and free will
Cong ming de bian se long,Mwenye Hadithi,Post-independence struggles
Cong ming de bian se long,Mwenye Hadithi,Urban vs rural life
Cong ming de bian se long,Mwenye Hadithi,Community solidarity
Handsome Hog (African Animal Tales),Mwenye Hadithi,Folklore and oral traditions
Handsome Hog (African Animal Tales),Mwenye Hadithi,Ethnic diversity
Handsome Hog (African Animal Tales),Mwenye Hadithi,Marriage and relationships
African Animal Tales,Mwenye Hadithi,Folklore and oral traditions
African Animal Tales,Mwenye Hadithi,Indigenous knowledge
African Animal Tales,Mwenye Hadithi,Poverty
Gardening in East Africa,Mwenye Hadithi,Climate and nature
Gardening in East Africa,Mwenye Hadithi,Agriculture and food security
Gardening in East Africa,Mwenye Hadithi,Environmental conservation
Baby Baboon (Picture Knight),Mwenye Hadithi.,Parent-child relationships
Baby Baboon (Picture Knight),Mwenye Hadithi.,Urban vs rural life
Baby Baboon (Picture Knight),Mwenye Hadithi.,Trauma and healing
Crafty Chameleon (Picture Knight),Mwenye Hadithi.,Urban vs rural life
Crafty Chameleon (Picture Knight),Mwenye Hadithi.,Trauma and healing
Crafty Chameleon (Picture Knight),Mwenye Hadithi.,Parent-child relationships
Greedy Zebra (Picture Knight),Mwenye Hadithi.,Oppression
Greedy Zebra (Picture Knight),Mwenye Hadithi.,Greed
Greedy Zebra (Picture Knight),Mwenye Hadithi.,Urban vs rural life
Hot Hippo (Picture Knight),Mwenye Hadithi.,Urban vs rural life
Hot Hippo (Picture Knight),Mwenye Hadithi.,Hard work
Hot Hippo (Picture Knight),Mwenye Hadithi.,Justice and injustice
Hungry Hyena (Picture Knight),Mwenye Hadithi.,Urban vs rural life
Hungry Hyena (Picture Knight),Mwenye Hadithi.,Agriculture and food security
Hungry Hyena (Picture Knight),Mwenye Hadithi.,Fate and free will
The Rise of the African Novel,Mũkoma wa Ngũgĩ,Wealth and materialism
The Rise of the African Novel,Mũkoma wa Ngũgĩ,Greed
The Rise of the African Novel,Mũkoma wa Ngũgĩ,Poverty
Conversing With Africa,Mũkoma wa Ngũgĩ,Wealth and materialism
Conversing With Africa,Mũkoma wa Ngũgĩ,Power of language
Conversing With Africa,Mũkoma wa Ngũgĩ,Ethnic diversity
Unbury Our Dead with Song,Mũkoma wa Ngũgĩ,Community solidarity
Unbury Our Dead with Song,Mũkoma wa Ngũgĩ,Wealth and materialism
Unbury Our Dead with Song,Mũkoma wa Ngũgĩ,Bad governance
Logotherapy,Mũkoma wa Ngũgĩ,Wealth and materialism
Logotherapy,Mũkoma wa Ngũgĩ,Trauma and healing
Logotherapy,Mũkoma wa Ngũgĩ,Bad governance
Mrs. Shaw,Mũkoma wa Ngũgĩ,Wealth and materialism
Mrs. Shaw,Mũkoma wa Ngũgĩ,Bad governance
Mrs. Shaw,Mũkoma wa Ngũgĩ,Gender roles and feminism
Killing Sahara,Mũkoma wa Ngũgĩ,Wealth and materialism
Killing Sahara,Mũkoma wa Ngũgĩ,Greed
Killing Sahara,Mũkoma wa Ngũgĩ,Bad governance
Voices from my clan,Mũkoma wa Ngũgĩ,Silence and voice
Voices from my clan,Mũkoma wa Ngũgĩ,Community solidarity
Voices from my clan,Mũkoma wa Ngũgĩ,Power of language
Strange and Difficult Times,Nanjala Nyabola,Dreams and ambitions
Strange and Difficult Times,Nanjala Nyabola,Marriage and relationships
Strange and Difficult Times,Nanjala Nyabola,Bad governance
Digital Identities and Border Cultures,Nanjala Nyabola,Ethnic diversity
Digital Identities and Border Cultures,Nanjala Nyabola,Wealth and materialism
Digital Identities and Border Cultures,Nanjala Nyabola,Indigenous knowledge
"Digital Democracy, Analogue Politics",Nanjala Nyabola,Bad governance
"Digital Democracy, Analogue Politics",Nanjala Nyabola,Political violence
"Digital Democracy, Analogue Politics",Nanjala Nyabola,Post-independence struggles
City Murders,Nducu wa Ngugi,Urbanization
City Murders,Nducu wa Ngugi,Urban vs rural life
City Murders,Nducu wa Ngugi,Political violence
Blue mothertongue,Ngwatilo Mawiyoo,Parent-child relationships
Blue mothertongue,Ngwatilo Mawiyoo,Community solidarity
Blue mothertongue,Ngwatilo Mawiyoo,Conflict in families
I will marry when I want,Ngũgĩ wa Thiongʼo,Conflict in families
I will marry when I want,Ngũgĩ wa Thiongʼo,Urban vs rural life
I will marry when I want,Ngũgĩ wa Thiongʼo,Power of language
Community based theatre skills,Ngũgĩ wa Mĩriĩ,Community solidarity
Community based theatre skills,Ngũgĩ wa Mĩriĩ,Urbanization
Community based theatre skills,Ngũgĩ wa Mĩriĩ,Indigenous knowledge
Njamba Nene and the flying bus,Ngũgĩ wa Thiongʼo,Bad governance
Njamba Nene and the flying bus,Ngũgĩ wa Thiongʼo,Urban vs rural life
Njamba Nene and the flying bus,Ngũgĩ wa Thiongʼo,Dreams and ambitions
African Short Stories,Chinua Achebe,Resource exploitation
African Short Stories,Chinua Achebe,Folklore and oral traditions
African Short Stories,Chinua Achebe,Indigenous knowledge
Caitaani mũtharaba-inĩ,Ngũgĩ wa Thiongʼo,Oppression
Caitaani mũtharaba-inĩ,Ngũgĩ wa Thiongʼo,Wealth and materialism
Caitaani mũtharaba-inĩ,Ngũgĩ wa Thiongʼo,Bad governance
Matigari,Ngũgĩ wa Thiongʼo,Wealth and materialism
Matigari,Ngũgĩ wa Thiongʼo,Environmental conservation
Matigari,Ngũgĩ wa Thiongʼo,Oppression
In the house of the interpreter,Ngũgĩ wa Thiongʼo,Oppression
In the house of the interpreter,Ngũgĩ wa Thiongʼo,Power of language
In the house of the interpreter,Ngũgĩ wa Thiongʼo,Civic responsibility
Dreams in a Time of War,Ngũgĩ wa Thiongʼo,Dreams and ambitions
Dreams in a Time of War,Ngũgĩ wa Thiongʼo,Political violence
Dreams in a Time of War,Ngũgĩ wa Thiongʼo,Wealth and materialism
Perfect Nine,Ngũgĩ wa Thiongʼo,Power of language
Perfect Nine,Ngũgĩ wa Thiongʼo,Post-independence struggles
Perfect Nine,Ngũgĩ wa Thiongʼo,Religion and spirituality
Birth of a dream weaver,Ngũgĩ wa Thiongʼo,Dreams and ambitions
Birth of a dream weaver,Ngũgĩ wa Thiongʼo,Wealth and materialism
Birth of a dream weaver,Ngũgĩ wa Thiongʼo,Post-independence struggles
Njamba Nene's pistol,Ngũgĩ wa Thiongʼo,Dreams and ambitions
Njamba Nene's pistol,Ngũgĩ wa Thiongʼo,Wealth and materialism
Njamba Nene's pistol,Ngũgĩ wa Thiongʼo,Parent-child relationships
To Africa with a dream,Olga Marlin,Dreams and ambitions
To Africa with a dream,Olga Marlin,Silence and voice
To Africa with a dream,Olga Marlin,Youth and unemployment
Con un sueño en África,Olga Marlin ,Poverty
Con un sueño en África,Olga Marlin ,Wealth and materialism
Con un sueño en África,Olga Marlin ,Justice and injustice
Wealth not income,Olubayi Olubayi,Poverty
Wealth not income,Olubayi Olubayi,Bad governance
Wealth not income,Olubayi Olubayi,Greed
Education for a Better World,Olubayi Olubayi,Bad governance
Education for a Better World,Olubayi Olubayi,Education and opportunity
Education for a Better World,Olubayi Olubayi,Oppression
Kaburi bila msalaba,P. M. Kareithi,Bad governance
Kaburi bila msalaba,P. M. Kareithi,Religion and spirituality
Kaburi bila msalaba,P. M. Kareithi,Cultural heritage
The broken pot,P. M. Kareithi,Greed
The broken pot,P. M. Kareithi,Religion and spirituality
The broken pot,P. M. Kareithi,Trauma and healing
Devil's own,P. M. Kareithi,Greed
Devil's own,P. M. Kareithi,Religion and spirituality
Devil's own,P. M. Kareithi,Bad governance
Guide to politics in Mbiri,P. M. Kareithi,Bad governance
Guide to politics in Mbiri,P. M. Kareithi,Political violence
Guide to politics in Mbiri,P. M. Kareithi,Wealth and materialism
The maize plant,P. M. Kareithi,Agriculture and food security
The maize plant,P. M. Kareithi,Indigenous knowledge
The maize plant,P. M. Kareithi,Wealth and materialism
Kenya's Uncertain Democracy,Peter Kagwanja,Bad governance
Kenya's Uncertain Democracy,Peter Kagwanja,Greed
Kenya's Uncertain Democracy,Peter Kagwanja,Wealth and materialism
An encumbered regional power?,Peter Kagwanja,Bad governance
An encumbered regional power?,Peter Kagwanja,Wealth and materialism
An encumbered regional power?,Peter Kagwanja,Ethnic diversity
Kiraitu Murungi,Peter Kagwanja,Wealth and materialism
Kiraitu Murungi,Peter Kagwanja,Urban vs rural life
Kiraitu Murungi,Peter Kagwanja,Bad governance
Eye on the nation,Peter Kagwanja,Bad governance
Eye on the nation,Peter Kagwanja,Loneliness and isolation
Eye on the nation,Peter Kagwanja,Wealth and materialism
Paving Africa's silk road,Peter Kagwanja,Wealth and materialism
Paving Africa's silk road,Peter Kagwanja,Greed
Paving Africa's silk road,Peter Kagwanja,Bad governance
The African challenge,Philip Ndegwa,Ethnic diversity
The African challenge,Philip Ndegwa,Political violence
The African challenge,Philip Ndegwa,Poverty
The common market and development in East Africa,Philip Ndegwa,Greed
The common market and development in East Africa,Philip Ndegwa,Bad governance
The common market and development in East Africa,Philip Ndegwa,Poverty
Africa's Development Crisis and Related International Issues,Philip Ndegwa,Bad governance
Africa's Development Crisis and Related International Issues,Philip Ndegwa,Post-independence struggles
Africa's Development Crisis and Related International Issues,Philip Ndegwa,Greed
Africa to 2000 and beyond,Philip Ndegwa,Ethnic diversity
Africa to 2000 and beyond,Philip Ndegwa,Wealth and materialism
Africa to 2000 and beyond,Philip Ndegwa,Dreams and ambitions
Philip Ndegwa on Africa's development crisis and related international issues,Philip Ndegwa,Bad governance
Philip Ndegwa on Africa's development crisis and related international issues,Philip Ndegwa,Post-independence struggles
Philip Ndegwa on Africa's development crisis and related international issues,Philip Ndegwa,Greed
Report of Symposium on Development Options for Africa in the 1980s and Beyond,Philip Ndegwa,Post-independence struggles
Report of Symposium on Development Options for Africa in the 1980s and Beyond,Philip Ndegwa,Environmental conservation
Report of Symposium on Development Options for Africa in the 1980s and Beyond,Philip Ndegwa,Bad governance
Africa's Development Crisis,Philip Ndegwa,Post-independence struggles
Africa's Development Crisis,Philip Ndegwa,Bad governance
Africa's Development Crisis,Philip Ndegwa,Greed
Management for development,Philip Ndegwa,Post-independence struggles
Management for development,Philip Ndegwa,Bad governance
Management for development,Philip Ndegwa,Dreams and ambitions
Still Sings the Nightbird,Philo Ikonya,Dreams and ambitions
Still Sings the Nightbird,Philo Ikonya,Marriage and relationships
Still Sings the Nightbird,Philo Ikonya,Silence and voice
"Kenya, Will You Marry Me?",Philo Ikonya,Marriage and relationships
"Kenya, Will You Marry Me?",Philo Ikonya,Conflict in families
"Kenya, Will You Marry Me?",Philo Ikonya,Wealth and materialism
Splintering Silence,Philo Ikonya,Silence and voice
Splintering Silence,Philo Ikonya,Trauma and healing
Splintering Silence,Philo Ikonya,Justice and injustice
Invincible Nubia - adios Lampedusa!,Philo Ikonya,Marriage and relationships
Invincible Nubia - adios Lampedusa!,Philo Ikonya,Dreams and ambitions
Invincible Nubia - adios Lampedusa!,Philo Ikonya,Love and heartbreak
Aus dem Gefängnis,Philo Ikonya,Oppression
Aus dem Gefängnis,Philo Ikonya,Cultural heritage
Aus dem Gefängnis,Philo Ikonya,Conflict in families
Leading the Night,Philo Ikonya,Dreams and ambitions
Leading the Night,Philo Ikonya,Marriage and relationships
Leading the Night,Philo Ikonya,Parent-child relationships
The Kenyan boy who became the president of America,Philo Ikonya,Parent-child relationships
The Kenyan boy who became the president of America,Philo Ikonya,Bad governance
The Kenyan boy who became the president of America,Philo Ikonya,Greed
This bread of peace,Philo Ikonya,Justice and injustice
This bread of peace,Philo Ikonya,Religion and spirituality
This bread of peace,Philo Ikonya,Wealth and materialism
Triple heritage,Rasna Warah,Cultural heritage
Triple heritage,Rasna Warah,Wealth and materialism
Triple heritage,Rasna Warah,Fate and free will
Lords of Impunity,Rasna Warah,Gender roles and feminism
Lords of Impunity,Rasna Warah,Bad governance
Lords of Impunity,Rasna Warah,Poverty
War crimes,Rasna Warah,Political violence
War crimes,Rasna Warah,Justice and injustice
War crimes,Rasna Warah,Morality and ethics
Red soil and roasted maize,Rasna Warah,Agriculture and food security
Red soil and roasted maize,Rasna Warah,Resource exploitation
Red soil and roasted maize,Rasna Warah,Indigenous knowledge
Unsilenced,Rasna Warah,Wealth and materialism
Unsilenced,Rasna Warah,Bad governance
Unsilenced,Rasna Warah,Gender roles and feminism
"Missionaries, Mercenaries and Misfits",Rasna Warah,Wealth and materialism
"Missionaries, Mercenaries and Misfits",Rasna Warah,Poverty
"Missionaries, Mercenaries and Misfits",Rasna Warah,Gender roles and feminism
Mogadishu Then and Now,Rasna Warah,Wealth and materialism
Mogadishu Then and Now,Rasna Warah,Urban vs rural life
Mogadishu Then and Now,Rasna Warah,Fate and free will
Mfalme Chui Mkatili,Rebecca Nandwa,Wealth and materialism
Mfalme Chui Mkatili,Rebecca Nandwa,Religion and spirituality
Mfalme Chui Mkatili,Rebecca Nandwa,Urban vs rural life
Naledi,Rebecca Nandwa,Wealth and materialism
Naledi,Rebecca Nandwa,Marriage and relationships
Naledi,Rebecca Nandwa,Religion and spirituality
Mnyama mwenye huruma,Rebecca Nandwa,Wealth and materialism
Mnyama mwenye huruma,Rebecca Nandwa,Gender roles and feminism
Mnyama mwenye huruma,Rebecca Nandwa,Bad governance
The sacred seed,Rebeka Njau,Indigenous knowledge
The sacred seed,Rebeka Njau,Religion and spirituality
The sacred seed,Rebeka Njau,Traditional beliefs
Ripples in the pool,Rebeka Njau,Laziness
Ripples in the pool,Rebeka Njau,Climate and nature
Ripples in the pool,Rebeka Njau,Environmental conservation
Kenya women heroes and their mystical power,Rebeka Njau,Wealth and materialism
Kenya women heroes and their mystical power,Rebeka Njau,Gender roles and feminism
Kenya women heroes and their mystical power,Rebeka Njau,Generosity
Mirrors of my life,Rebeka Njau,Dreams and ambitions
Mirrors of my life,Rebeka Njau,Youth and unemployment
Mirrors of my life,Rebeka Njau,Fate and free will
The hypocrite and other stories,Rebeka Njau,Morality and ethics
The hypocrite and other stories,Rebeka Njau,Selfishness
The hypocrite and other stories,Rebeka Njau,Honesty vs dishonesty
The scar,Rebeka Njau,Trauma and healing
The scar,Rebeka Njau,Naming and symbolism
The scar,Rebeka Njau,Love and heartbreak
Dedan Kimathi,Samuel Kahiga,Bad governance
Dedan Kimathi,Samuel Kahiga,Silence and voice
Dedan Kimathi,Samuel Kahiga,Wealth and materialism
Paradise farm,Samuel Kahiga,Agriculture and food security
Paradise farm,Samuel Kahiga,Religion and spirituality
Paradise farm,Samuel Kahiga,Generosity
When the stars are scattered,Samuel Kahiga,Religion and spirituality
When the stars are scattered,Samuel Kahiga,Wealth and materialism
When the stars are scattered,Samuel Kahiga,Hope and despair
The girl from abroad,Samuel Kahiga,Wealth and materialism
The girl from abroad,Samuel Kahiga,Parent-child relationships
The girl from abroad,Samuel Kahiga,Migration and diaspora
Lover in the sky,Samuel Kahiga,Religion and spirituality
Lover in the sky,Samuel Kahiga,Marriage and relationships
Lover in the sky,Samuel Kahiga,Silence and voice
Flight to Juba,Samuel Kahiga,Migration and diaspora
Flight to Juba,Samuel Kahiga,Agriculture and food security
Flight to Juba,Samuel Kahiga,Religion and spirituality
A study of Kalenjin linguistics,Taaitta Toweett,Indigenous knowledge
A study of Kalenjin linguistics,Taaitta Toweett,Power of language
A study of Kalenjin linguistics,Taaitta Toweett,Urban vs rural life
Oral (traditional) history of the Kipsigis,Taaitta Toweett,Indigenous knowledge
Oral (traditional) history of the Kipsigis,Taaitta Toweett,Conflict in families
Oral (traditional) history of the Kipsigis,Taaitta Toweett,Wealth and materialism
Tears over a dead cow and other stories,Taaitta Toweett,Folklore and oral traditions
Tears over a dead cow and other stories,Taaitta Toweett,Indigenous knowledge
Tears over a dead cow and other stories,Taaitta Toweett,Trauma and healing
An African's year in England,Taaitta Toweett,Generosity
An African's year in England,Taaitta Toweett,Oppression
An African's year in England,Taaitta Toweett,Ethnic diversity
English-Swahili-Kalenjin,Taaitta Toweett,Power of language
English-Swahili-Kalenjin,Taaitta Toweett,Urban vs rural life
English-Swahili-Kalenjin,Taaitta Toweett,Trauma and healing
Epitaph on colonialism and shorter poems,Taaitta Toweett,Wealth and materialism
Epitaph on colonialism and shorter poems,Taaitta Toweett,Indigenous knowledge
Epitaph on colonialism and shorter poems,Taaitta Toweett,Migration and diaspora
Tears over a dead cow,Taaitta Toweett,Trauma and healing
Tears over a dead cow,Taaitta Toweett,Hope and despair
Tears over a dead cow,Taaitta Toweett,Folklore and oral traditions
Unsung heroes of Lancaster,Taaitta Toweett,Folklore and oral traditions
Unsung heroes of Lancaster,Taaitta Toweett,Generosity
Unsung heroes of Lancaster,Taaitta Toweett,Trauma and healing
Twilight woman,Thomas Akare,Education and opportunity
Twilight woman,Thomas Akare,Fate and free will
Twilight woman,Thomas Akare,Morality and ethics
The slums,Thomas Akare,Greed
The slums,Thomas Akare,Education and opportunity
The slums,Thomas Akare,Indigenous knowledge
The road to Eldoret and other stories,Tony Mochama,Dreams and ambitions
The road to Eldoret and other stories,Tony Mochama,Folklore and oral traditions
The road to Eldoret and other stories,Tony Mochama,Urbanization
Princess Adhis and the naija coca broda,Tony Mochama,Bad governance
Princess Adhis and the naija coca broda,Tony Mochama,Parent-child relationships
Princess Adhis and the naija coca broda,Tony Mochama,Indigenous knowledge
What if I am a literary gangsta?,Tony Adam Mochama,Dreams and ambitions
What if I am a literary gangsta?,Tony Adam Mochama,Poverty
What if I am a literary gangsta?,Tony Adam Mochama,Identity crisis
"Nairobi, a night guide",Tony Adam Mochama,Wealth and materialism
"Nairobi, a night guide",Tony Adam Mochama,Marriage and relationships
"Nairobi, a night guide",Tony Adam Mochama,Urbanization
Meet the Omtitas,Tony Adam Mochama,Dreams and ambitions
Meet the Omtitas,Tony Adam Mochama,Fate and free will
Meet the Omtitas,Tony Adam Mochama,Poverty
Three days on the cross,Wahome Mutahi,Generosity
Three days on the cross,Wahome Mutahi,Naming and symbolism
Three days on the cross,Wahome Mutahi,Hope and despair
How to be a Kenyan,Wahome Mutahi,Wealth and materialism
How to be a Kenyan,Wahome Mutahi,Cultural heritage
How to be a Kenyan,Wahome Mutahi,Poverty
The jail bugs,Wahome Mutahi,Bad governance
The jail bugs,Wahome Mutahi,Poverty
The jail bugs,Wahome Mutahi,Justice and injustice
The miracle merchant,Wahome Mutahi,Generosity
The miracle merchant,Wahome Mutahi,Indigenous knowledge
The miracle merchant,Wahome Mutahi,Greed
Doomsday,Wahome Mutahi,Justice and injustice
Doomsday,Wahome Mutahi,Hope and despair
Doomsday,Wahome Mutahi,Fate and free will
The house of doom,Wahome Mutahi,Hope and despair
The house of doom,Wahome Mutahi,Justice and injustice
The house of doom,Wahome Mutahi,Wealth and materialism
Whispers & Camisassius,Wahome Mutahi,Religion and spirituality
Whispers & Camisassius,Wahome Mutahi,Silence and voice
Whispers & Camisassius,Wahome Mutahi,Urban vs rural life
Best of whispers,Wahome Mutahi,Silence and voice
Best of whispers,Wahome Mutahi,Urban vs rural life
Best of whispers,Wahome Mutahi,Religion and spirituality
The world of Whispers,Wahome Mutahi,Silence and voice
The world of Whispers,Wahome Mutahi,Religion and spirituality
The world of Whispers,Wahome Mutahi,Indigenous knowledge
Responsible citizenship,Wahome Mutahi,Civic responsibility
Responsible citizenship,Wahome Mutahi,Bad governance
Responsible citizenship,Wahome Mutahi,Poverty
Just wait and see,Wahome Mutahi,Urban vs rural life
Just wait and see,Wahome Mutahi,Parent-child relationships
Just wait and see,Wahome Mutahi,Cultural heritage
Our daily bread,Wahome Mutahi,Community solidarity
Our daily bread,Wahome Mutahi,Cultural heritage
Our daily bread,Wahome Mutahi,Agriculture and food security
"Responsible citizenship, building democracy",Wahome Mutahi,Civic responsibility
"Responsible citizenship, building democracy",Wahome Mutahi,Bad governance
"Responsible citizenship, building democracy",Wahome Mutahi,Environmental conservation
Monitoring state-sponsored violence in Africa,Sally Sealey,Political violence
Monitoring state-sponsored violence in Africa,Sally Sealey,Wealth and materialism
Monitoring state-sponsored violence in Africa,Sally Sealey,Community solidarity
Me Katilili,Wangũi wa Goro,Urban vs rural life
Me Katilili,Wangũi wa Goro,Power of language
Me Katilili,Wangũi wa Goro,Community solidarity
"A Modern History of Kenya, 1885-1980",William Robert Ochiengʼ,Wealth and materialism
"A Modern History of Kenya, 1885-1980",William Robert Ochiengʼ,Greed
"A Modern History of Kenya, 1885-1980",William Robert Ochiengʼ,Environmental conservation
People round the lake,William Robert Ochiengʼ,Laziness
People round the lake,William Robert Ochiengʼ,Resistance and struggle
People round the lake,William Robert Ochiengʼ,Marriage and relationships
Themes in Kenyan History,William Robert Ochiengʼ,Wealth and materialism
Themes in Kenyan History,William Robert Ochiengʼ,Greed
Themes in Kenyan History,William Robert Ochiengʼ,Political violence
The second word,William Robert Ochiengʼ,Storytelling as resistance
The second word,William Robert Ochiengʼ,Political violence
The second word,William Robert Ochiengʼ,Honesty vs dishonesty
A history of the Kadimo chiefdom of Yimbo in western Kenya,William Robert Ochiengʼ,Wealth and materialism
A history of the Kadimo chiefdom of Yimbo in western Kenya,William Robert Ochiengʼ,Bad governance
A history of the Kadimo chiefdom of Yimbo in western Kenya,William Robert Ochiengʼ,Greed
"Decolonization and Independence in Kenya, 1940-93",Bethwell A. Ogot,Oppression
"Decolonization and Independence in Kenya, 1940-93",Bethwell A. Ogot,Ethnic diversity
"Decolonization and Independence in Kenya, 1940-93",Bethwell A. Ogot,Wealth and materialism
People of the south-western highlands,William Robert Ochieng',Indigenous knowledge
People of the south-western highlands,William Robert Ochieng',Ethnic diversity
People of the south-western highlands,William Robert Ochieng',Conflict in families
Kenya,Bethwell A. Ogot,Wealth and materialism
Kenya,Bethwell A. Ogot,Oppression
Kenya,Bethwell A. Ogot,Ethnic diversity
A history of Kenya,William Robert Ochieng',Wealth and materialism
A history of Kenya,William Robert Ochieng',Greed
A history of Kenya,William Robert Ochieng',Ethnic diversity
Individual dreams in Kenyan history,William Robert Ochieng',Dreams and ambitions
Individual dreams in Kenyan history,William Robert Ochieng',Wealth and materialism
Individual dreams in Kenyan history,William Robert Ochieng',Greed
A pre-colonial history of the Gusii of western Kenya from c. A.D. 1500 to 1914,William Robert Ochieng',Ethnic diversity
A pre-colonial history of the Gusii of western Kenya from c. A.D. 1500 to 1914,William Robert Ochieng',Greed
A pre-colonial history of the Gusii of western Kenya from c. A.D. 1500 to 1914,William Robert Ochieng',Wealth and materialism
"The politics of transition from authoritarianism to democracy, 1978-2002",William Robert Ochieng',Bad governance
"The politics of transition from authoritarianism to democracy, 1978-2002",William Robert Ochieng',Political violence
"The politics of transition from authoritarianism to democracy, 1978-2002",William Robert Ochieng',Leadership and betrayal
Historical studies and social change in western Kenya,William Robert Ochieng',Wealth and materialism
Historical studies and social change in western Kenya,William Robert Ochieng',Greed
Historical studies and social change in western Kenya,William Robert Ochieng',Ethnic diversity
The rise of a nationalist cultural state in pre-colonial Kenya,William Robert Ochieng',Wealth and materialism
The rise of a nationalist cultural state in pre-colonial Kenya,William Robert Ochieng',Ethnic diversity
The rise of a nationalist cultural state in pre-colonial Kenya,William Robert Ochieng',Greed
Politics and leadership in Africa,William Robert Ochieng',Political violence
Politics and leadership in Africa,William Robert Ochieng',Leadership and betrayal
Politics and leadership in Africa,William Robert Ochieng',Greed
An outline history of Nyanza up to 1914,William Robert Ochieng',Conflict in families
An outline history of Nyanza up to 1914,William Robert Ochieng',Marriage and relationships
An outline history of Nyanza up to 1914,William Robert Ochieng',Love and heartbreak
An outline history of the Rift Valley of Kenya up to A.D. 1900,William Robert Ochieng',Wealth and materialism
An outline history of the Rift Valley of Kenya up to A.D. 1900,William Robert Ochieng',Ethnic diversity
An outline history of the Rift Valley of Kenya up to A.D. 1900,William Robert Ochieng',Land and displacement
The black man's democracy,William Robert Ochieng',Leadership and betrayal
The black man's democracy,William Robert Ochieng',Political violence
The black man's democracy,William Robert Ochieng',Bad governance
Eastern Kenya and its invaders,William Robert Ochieng',Ethnic diversity
Eastern Kenya and its invaders,William Robert Ochieng',Greed
Eastern Kenya and its invaders,William Robert Ochieng',Wealth and materialism
The first word,William Robert Ochieng',Storytelling as resistance
The first word,William Robert Ochieng',Laziness
The first word,William Robert Ochieng',Indigenous knowledge
Dust,Yvonne Adhiambo Owuor,Wealth and materialism
Dust,Yvonne Adhiambo Owuor,Community solidarity
Dust,Yvonne Adhiambo Owuor,Urbanization
Dragonfly Sea,Yvonne Adhiambo Owuor,Urban vs rural life
Dragonfly Sea,Yvonne Adhiambo Owuor,Love and heartbreak
Dragonfly Sea,Yvonne Adhiambo Owuor,Parent-child relationships
Weight of whispers,Yvonne Adhiambo Owuor,Youth and unemployment
Weight of whispers,Yvonne Adhiambo Owuor,Silence and voice
Weight of whispers,Yvonne Adhiambo Owuor,Love and heartbreak
"Who I am, who we are",Wambui Wamae Kamiru,Civic responsibility
"Who I am, who we are",Wambui Wamae Kamiru,Community solidarity
"Who I am, who we are",Wambui Wamae Kamiru,Gender roles and feminism
Land without thunder,Grace Ogot,Climate and nature
Land without thunder,Grace Ogot,Fate and free will
Land without thunder,Grace Ogot,Indigenous knowledge
Re-membering Africa,Ngũgĩ wa Thiongʼo,Community solidarity
Re-membering Africa,Ngũgĩ wa Thiongʼo,Oppression
Re-membering Africa,Ngũgĩ wa Thiongʼo,Environmental conservation
Kufa kuzikana,Ken Walibora,Bad governance
Kufa kuzikana,Ken Walibora,Conflict in families
Kufa kuzikana,Ken Walibora,Loneliness and isolation
To stir the heart,Bessie Head,Trauma and healing
To stir the heart,Bessie Head,Conflict in families
To stir the heart,Bessie Head,Indigenous knowledge
The Promised Land,Grace Ogot,Indigenous knowledge
The Promised Land,Grace Ogot,Greed
The Promised Land,Grace Ogot,Religion and spirituality
A call at midnight,Grace Ogot,Justice and injustice
A call at midnight,Grace Ogot,Youth and unemployment
A call at midnight,Grace Ogot,Silence and voice
The other woman,Grace Ogot,Morality and ethics
The other woman,Grace Ogot,Gender roles and feminism
The other woman,Grace Ogot,Marriage and relationships
Betrayal in the city,F. D. Imbuga,Urbanization
Betrayal in the city,F. D. Imbuga,Leadership and betrayal
Betrayal in the city,F. D. Imbuga,Corruption and governance
The Green Cross Of Kafira,Francis Imbuga,Indigenous knowledge
The Green Cross Of Kafira,Francis Imbuga,Naming and symbolism
The Green Cross Of Kafira,Francis Imbuga,Ethnic diversity
Tracking the Scent of my Mother,Muthoni Garland,Naming and symbolism
Tracking the Scent of my Mother,Muthoni Garland,Parent-child relationships
Tracking the Scent of my Mother,Muthoni Garland,Traditional beliefs
Odour of Fate,Muthoni Garland,Naming and symbolism
Odour of Fate,Muthoni Garland,Justice and injustice
Odour of Fate,Muthoni Garland,Trauma and healing
Helicopter Beetles,Muthoni Garland,Good vs evil
Helicopter Beetles,Muthoni Garland,Parent-child relationships
Helicopter Beetles,Muthoni Garland,Morality and ethics
